label,Company,Seller,Order date,Delivery number,Delivery date,Wood species,Assortment,Length,Width,Thickness,Timber square meter,Timber volume,Quality class,Moisture content,Specific characteristics,Import,National trade,Certification
F1L953B1,Joinery A,Sawmill,5/1/24 0:00,45050,5/6/24 0:00,larch,Sawn Board,400,26,2,5,1,04,0,026,2,8,,No,Yes,no
F1L953B2,Joinery A,Sawmill,5/1/24 0:00,45050,5/6/24 0:00,larch,Sawn Board,400,26,2,5,1,04,0,026,2,9,,No,Yes,no
F1L953B3,Joinery A,Sawmill,5/1/24 0:00,45050,5/6/24 0:00,larch,Sawn Board,400,26,2,5,1,04,0,026,2,8,,No,Yes,no
F1L953B4,Joinery A,Sawmill,5/1/24 0:00,45050,5/6/24 0:00,larch,Sawn Board,400,26,2,5,1,04,0,026,2,6,,No,Yes,no
F1L953B5,Joinery A,Sawmill,5/1/24 0:00,45050,5/6/24 0:00,larch,Sawn Board,400,26,2,5,1,04,0,026,2,6,,No,Yes,no
F1L953B6,Joinery A,Sawmill,5/1/24 0:00,45050,5/6/24 0:00,larch,Sawn Board,400,26,2,5,1,04,0,026,2,8,,No,Yes,no
F1L953B7,Joinery A,Sawmill,5/1/24 0:00,45050,5/6/24 0:00,larch,Sawn Board,400,26,2,5,1,04,0,026,2,7,,No,Yes,no
F1L953B8,Joinery A,Sawmill,5/1/24 0:00,45050,5/6/24 0:00,larch,Sawn Board,400,26,2,5,1,04,0,026,2,7,,No,Yes,no
F1L953B9,Joinery A,Sawmill,5/1/24 0:00,45050,5/6/24 0:00,larch,Sawn Board,400,26,2,5,1,04,0,026,2,8,,No,Yes,no
F1L953B10,Joinery A,Sawmill,5/1/24 0:00,45050,5/6/24 0:00,larch,Sawn Board,400,26,2,5,1,04,0,026,2,6,,No,Yes,no
F1L1058B1,Joinery A,Sawmill,5/1/24 0:00,45050,5/6/24 0:00,larch,Sawn Board,400,23,2,5,0,92,0,023,2,7,,No,Yes,no
F1L1058B2,Joinery A,Sawmill,5/1/24 0:00,45050,5/6/24 0:00,larch,Sawn Board,400,23,2,5,0,92,0,023,2,6,,No,Yes,no
F1L1058B3,Joinery A,Sawmill,5/1/24 0:00,45050,5/6/24 0:00,larch,Sawn Board,400,23,2,5,0,92,0,023,2,6,,No,Yes,no
F1L1058B4,Joinery A,Sawmill,5/1/24 0:00,45050,5/6/24 0:00,larch,Sawn Board,400,23,2,5,0,92,0,023,2,7,,No,Yes,no
F1L1058B5,Joinery A,Sawmill,5/1/24 0:00,45050,5/6/24 0:00,larch,Sawn Board,400,23,2,5,0,92,0,023,2,8,,No,Yes,no
F1L1058B6,Joinery A,Sawmill,5/1/24 0:00,45050,5/6/24 0:00,larch,Sawn Board,400,23,2,5,0,92,0,023,2,9,,No,Yes,no
F1L1058B7,Joinery A,Sawmill,5/1/24 0:00,45050,5/6/24 0:00,larch,Sawn Board,400,23,2,5,0,92,0,023,2,8,,No,Yes,no
F1L1058B8,Joinery A,Sawmill,5/1/24 0:00,45050,5/6/24 0:00,larch,Sawn Board,400,23,2,5,0,92,0,023,2,8,,No,Yes,no
F1L1058B9,Joinery A,Sawmill,5/1/24 0:00,45050,5/6/24 0:00,larch,Sawn Board,400,23,2,5,0,92,0,023,2,7,,No,Yes,no
F1L1427B1,Joinery A,Sawmill,5/1/24 0:00,45050,5/6/24 0:00,larch,Sawn Board,400,33,2,5,1,32,0,033,2,8,,No,Yes,no
F1L1427B2,Joinery A,Sawmill,5/1/24 0:00,45050,5/6/24 0:00,larch,Sawn Board,400,33,2,5,1,32,0,033,2,8,,No,Yes,no
F1L1427B3,Joinery A,Sawmill,5/1/24 0:00,45050,5/6/24 0:00,larch,Sawn Board,400,33,2,5,1,32,0,033,2,9,,No,Yes,no
F1L1427B4,Joinery A,Sawmill,5/1/24 0:00,45050,5/6/24 0:00,larch,Sawn Board,400,33,2,5,1,32,0,033,2,9,,No,Yes,no
F1L1427B5,Joinery A,Sawmill,5/1/24 0:00,45050,5/6/24 0:00,larch,Sawn Board,400,33,2,5,1,32,0,033,2,7,,No,Yes,no
F1L1427B6,Joinery A,Sawmill,5/1/24 0:00,45050,5/6/24 0:00,larch,Sawn Board,400,33,2,5,1,32,0,033,2,8,,No,Yes,no
F1L1427B7,Joinery A,Sawmill,5/1/24 0:00,45050,5/6/24 0:00,larch,Sawn Board,400,33,2,5,1,32,0,033,2,8,,No,Yes,no
F1L1427B8,Joinery A,Sawmill,5/1/24 0:00,45050,5/6/24 0:00,larch,Sawn Board,400,33,2,5,1,32,0,033,2,7,,No,Yes,no
F1L1427B9,Joinery A,Sawmill,5/1/24 0:00,45050,5/6/24 0:00,larch,Sawn Board,400,33,2,5,1,32,0,033,2,7,,No,Yes,no
F1L1427B10,Joinery A,Sawmill,5/1/24 0:00,45050,5/6/24 0:00,larch,Sawn Board,400,33,2,5,1,32,0,033,2,7,,No,Yes,no
F1L1427B11,Joinery A,Sawmill,5/1/24 0:00,45050,5/6/24 0:00,larch,Sawn Board,400,33,2,5,1,32,0,033,2,7,,No,Yes,no
F1L1427B12,Joinery A,Sawmill,5/1/24 0:00,45050,5/6/24 0:00,larch,Sawn Board,400,33,2,5,1,32,0,033,2,7,,No,Yes,no
F1L1427B13,Joinery A,Sawmill,5/1/24 0:00,45050,5/6/24 0:00,larch,Sawn Board,400,33,2,5,1,32,0,033,2,9,,No,Yes,no
F1L1467B1,Joinery A,Sawmill,5/1/24 0:00,45050,5/6/24 0:00,larch,Sawn Board,400,19,2,5,0,76,0,019,2,7,,No,Yes,no
F1L1467B2,Joinery A,Sawmill,5/1/24 0:00,45050,5/6/24 0:00,larch,Sawn Board,400,19,2,5,0,76,0,019,2,7,,No,Yes,no
F1L1467B3,Joinery A,Sawmill,5/1/24 0:00,45050,5/6/24 0:00,larch,Sawn Board,400,19,2,5,0,76,0,019,2,9,,No,Yes,no
F1L1467B4,Joinery A,Sawmill,5/1/24 0:00,45050,5/6/24 0:00,larch,Sawn Board,400,19,2,5,0,76,0,019,2,8,,No,Yes,no
F1L1467B5,Joinery A,Sawmill,5/1/24 0:00,45050,5/6/24 0:00,larch,Sawn Board,400,19,2,5,0,76,0,019,2,8,,No,Yes,no
F1L1467B6,Joinery A,Sawmill,5/1/24 0:00,45050,5/6/24 0:00,larch,Sawn Board,400,19,2,5,0,76,0,019,2,7,,No,Yes,no
F1L1467B7,Joinery A,Sawmill,5/1/24 0:00,45050,5/6/24 0:00,larch,Sawn Board,400,19,2,5,0,76,0,019,2,6,,No,Yes,no
F1L1467B8,Joinery A,Sawmill,5/1/24 0:00,45050,5/6/24 0:00,larch,Sawn Board,400,19,2,5,0,76,0,019,2,8,,No,Yes,no
F1L1394B1,Joinery A,Sawmill,5/1/24 0:00,45050,5/6/24 0:00,larch,Sawn Board,400,15,2,5,0,6,0,015,1,7,,No,Yes,no
F1L1394B2,Joinery A,Sawmill,5/1/24 0:00,45050,5/6/24 0:00,larch,Sawn Board,400,15,2,5,0,6,0,015,1,7,,No,Yes,no
F1L1394B3,Joinery A,Sawmill,5/1/24 0:00,45050,5/6/24 0:00,larch,Sawn Board,400,15,2,5,0,6,0,015,1,8,,No,Yes,no
F1L1394B4,Joinery A,Sawmill,5/1/24 0:00,45050,5/6/24 0:00,larch,Sawn Board,400,15,2,5,0,6,0,015,1,9,,No,Yes,no
F1L1394B5,Joinery A,Sawmill,5/1/24 0:00,45050,5/6/24 0:00,larch,Sawn Board,400,15,2,5,0,6,0,015,1,6,,No,Yes,no
F1L1394B6,Joinery A,Sawmill,5/1/24 0:00,45050,5/6/24 0:00,larch,Sawn Board,400,15,2,5,0,6,0,015,1,8,,No,Yes,no
F1L631B1,Joinery A,Sawmill,5/1/24 0:00,45050,5/6/24 0:00,larch,Sawn Board,400,36,2,5,1,44,0,036,1,7,,No,Yes,no
F1L631B2,Joinery A,Sawmill,5/1/24 0:00,45050,5/6/24 0:00,larch,Sawn Board,400,36,2,5,1,44,0,036,1,7,,No,Yes,no
F1L631B3,Joinery A,Sawmill,5/1/24 0:00,45050,5/6/24 0:00,larch,Sawn Board,400,36,2,5,1,44,0,036,1,7,,No,Yes,no
F1L631B4,Joinery A,Sawmill,5/1/24 0:00,45050,5/6/24 0:00,larch,Sawn Board,400,36,2,5,1,44,0,036,1,8,,No,Yes,no
F1L631B5,Joinery A,Sawmill,5/1/24 0:00,45050,5/6/24 0:00,larch,Sawn Board,400,36,2,5,1,44,0,036,1,8,,No,Yes,no
F1L631B6,Joinery A,Sawmill,5/1/24 0:00,45050,5/6/24 0:00,larch,Sawn Board,400,36,2,5,1,44,0,036,1,7,,No,Yes,no
F1L631B7,Joinery A,Sawmill,6/1/24 0:00,42400,6/4/24 0:00,larch,Sawn Board,400,36,2,5,1,44,0,036,1,9,,No,Yes,no
F1L631B8,Joinery A,Sawmill,6/1/24 0:00,42400,6/4/24 0:00,larch,Sawn Board,400,36,2,5,1,44,0,036,1,8,,No,Yes,no
F1L631B9,Joinery A,Sawmill,6/1/24 0:00,42400,6/4/24 0:00,larch,Sawn Board,400,36,2,5,1,44,0,036,1,7,,No,Yes,no
F1L631B10,Joinery A,Sawmill,6/1/24 0:00,42400,6/4/24 0:00,larch,Sawn Board,400,36,2,5,1,44,0,036,1,7,,No,Yes,no
F1L631B11,Joinery A,Sawmill,6/1/24 0:00,42400,6/4/24 0:00,larch,Sawn Board,400,36,2,5,1,44,0,036,1,7,,No,Yes,no
F1L631B12,Joinery A,Sawmill,6/1/24 0:00,42400,6/4/24 0:00,larch,Sawn Board,400,36,2,5,1,44,0,036,1,7,,No,Yes,no
F1L631B13,Joinery A,Sawmill,6/1/24 0:00,42400,6/4/24 0:00,larch,Sawn Board,400,36,2,5,1,44,0,036,1,6,,No,Yes,no
F1L631B14,Joinery A,Sawmill,6/1/24 0:00,42400,6/4/24 0:00,larch,Sawn Board,400,36,2,5,1,44,0,036,1,6,,No,Yes,no
F1L713B1,Joinery A,Sawmill,6/1/24 0:00,42400,6/4/24 0:00,larch,Sawn Board,400,20,2,5,0,8,0,02,1,7,,No,Yes,no
F1L713B2,Joinery A,Sawmill,6/1/24 0:00,42400,6/4/24 0:00,larch,Sawn Board,400,20,2,5,0,8,0,02,1,8,,No,Yes,no
F1L713B3,Joinery A,Sawmill,6/1/24 0:00,42400,6/4/24 0:00,larch,Sawn Board,400,20,2,5,0,8,0,02,1,7,,No,Yes,no
F1L713B4,Joinery A,Sawmill,6/1/24 0:00,42400,6/4/24 0:00,larch,Sawn Board,400,20,2,5,0,8,0,02,1,7,,No,Yes,no
F1L713B5,Joinery A,Sawmill,6/1/24 0:00,42400,6/4/24 0:00,larch,Sawn Board,400,20,2,5,0,8,0,02,1,6,,No,Yes,no
F1L713B6,Joinery A,Sawmill,6/1/24 0:00,42400,6/4/24 0:00,larch,Sawn Board,400,20,2,5,0,8,0,02,1,8,,No,Yes,no
F1L713B7,Joinery A,Sawmill,6/1/24 0:00,42400,6/4/24 0:00,larch,Sawn Board,400,20,2,5,0,8,0,02,1,6,,No,Yes,no
F1L713B8,Joinery A,Sawmill,6/1/24 0:00,42400,6/4/24 0:00,larch,Sawn Board,400,20,2,5,0,8,0,02,1,7,,No,Yes,no
F1L1235B1,Joinery A,Sawmill,6/1/24 0:00,42400,6/4/24 0:00,larch,Sawn Board,400,18,2,5,0,72,0,018,2,8,,No,Yes,no
F1L1235B2,Joinery A,Sawmill,6/1/24 0:00,42400,6/4/24 0:00,larch,Sawn Board,400,18,2,5,0,72,0,018,2,9,,No,Yes,no
F1L1235B3,Joinery A,Sawmill,6/1/24 0:00,42400,6/4/24 0:00,larch,Sawn Board,400,18,2,5,0,72,0,018,2,8,,No,Yes,no
F1L1235B4,Joinery A,Sawmill,6/1/24 0:00,42400,6/4/24 0:00,larch,Sawn Board,400,18,2,5,0,72,0,018,2,7,,No,Yes,no
F1L1235B5,Joinery A,Sawmill,6/1/24 0:00,42400,6/4/24 0:00,larch,Sawn Board,400,18,2,5,0,72,0,018,2,8,,No,Yes,no
F1L1235B6,Joinery A,Sawmill,6/1/24 0:00,42400,6/4/24 0:00,larch,Sawn Board,400,18,2,5,0,72,0,018,2,8,,No,Yes,no
F1L1235B7,Joinery A,Sawmill,6/1/24 0:00,42400,6/4/24 0:00,larch,Sawn Board,400,18,2,5,0,72,0,018,2,9,,No,Yes,no
F1L1485B1,Joinery A,Sawmill,6/1/24 0:00,42400,6/4/24 0:00,larch,Sawn Board,400,36,2,5,1,44,0,036,1,7,,No,Yes,no
F1L1485B2,Joinery A,Sawmill,6/1/24 0:00,42400,6/4/24 0:00,larch,Sawn Board,400,36,2,5,1,44,0,036,1,7,,No,Yes,no
F1L1485B3,Joinery A,Sawmill,6/1/24 0:00,42400,6/4/24 0:00,larch,Sawn Board,400,36,2,5,1,44,0,036,1,8,,No,Yes,no
F1L1485B4,Joinery A,Sawmill,6/1/24 0:00,42400,6/4/24 0:00,larch,Sawn Board,400,36,2,5,1,44,0,036,1,7,,No,Yes,no
F1L1485B5,Joinery A,Sawmill,6/1/24 0:00,42400,6/4/24 0:00,larch,Sawn Board,400,36,2,5,1,44,0,036,1,8,,No,Yes,no
F1L1485B6,Joinery A,Sawmill,6/1/24 0:00,42400,6/4/24 0:00,larch,Sawn Board,400,36,2,5,1,44,0,036,1,7,,No,Yes,no
F1L1485B7,Joinery A,Sawmill,6/1/24 0:00,42400,6/4/24 0:00,larch,Sawn Board,400,36,2,5,1,44,0,036,1,8,,No,Yes,no
F1L1485B8,Joinery A,Sawmill,6/1/24 0:00,42400,6/4/24 0:00,larch,Sawn Board,400,36,2,5,1,44,0,036,1,7,,No,Yes,no
F1L1485B9,Joinery A,Sawmill,6/1/24 0:00,42400,6/4/24 0:00,larch,Sawn Board,400,36,2,5,1,44,0,036,1,7,,No,Yes,no
F1L1485B10,Joinery A,Sawmill,6/1/24 0:00,42400,6/4/24 0:00,larch,Sawn Board,400,36,2,5,1,44,0,036,1,7,,No,Yes,no
F1L1485B11,Joinery A,Sawmill,6/1/24 0:00,42400,6/4/24 0:00,larch,Sawn Board,400,36,2,5,1,44,0,036,1,8,,No,Yes,no
F1L1485B12,Joinery A,Sawmill,6/1/24 0:00,42400,6/4/24 0:00,larch,Sawn Board,400,36,2,5,1,44,0,036,1,7,,No,Yes,no
F1L1485B13,Joinery A,Sawmill,6/1/24 0:00,42400,6/4/24 0:00,larch,Sawn Board,400,36,2,5,1,44,0,036,1,9,,No,Yes,no
F1L1485B14,Joinery A,Sawmill,6/1/24 0:00,42400,6/4/24 0:00,larch,Sawn Board,400,36,2,5,1,44,0,036,1,8,,No,Yes,no
F1L24B1,Joinery A,Sawmill,6/1/24 0:00,42400,6/4/24 0:00,larch,Sawn Board,400,33,2,5,1,32,0,033,2,9,,No,Yes,no
F1L24B2,Joinery A,Sawmill,6/1/24 0:00,42400,6/4/24 0:00,larch,Sawn Board,400,33,2,5,1,32,0,033,2,7,,No,Yes,no
F1L24B3,Joinery A,Sawmill,6/1/24 0:00,42400,6/4/24 0:00,larch,Sawn Board,400,33,2,5,1,32,0,033,2,7,,No,Yes,no
F1L24B4,Joinery A,Sawmill,6/1/24 0:00,42400,6/4/24 0:00,larch,Sawn Board,400,33,2,5,1,32,0,033,2,7,,No,Yes,no
F1L24B5,Joinery A,Sawmill,6/1/24 0:00,42400,6/4/24 0:00,larch,Sawn Board,400,33,2,5,1,32,0,033,2,8,,No,Yes,no
F1L24B6,Joinery A,Sawmill,6/1/24 0:00,42400,6/4/24 0:00,larch,Sawn Board,400,33,2,5,1,32,0,033,2,7,,No,Yes,no
F1L24B7,Joinery A,Sawmill,6/1/24 0:00,42400,6/4/24 0:00,larch,Sawn Board,400,33,2,5,1,32,0,033,2,8,,No,Yes,no
F1L24B8,Joinery A,Sawmill,6/1/24 0:00,42400,6/4/24 0:00,larch,Sawn Board,400,33,2,5,1,32,0,033,2,7,,No,Yes,no
F1L24B9,Joinery A,Sawmill,6/1/24 0:00,42400,6/4/24 0:00,larch,Sawn Board,400,33,2,5,1,32,0,033,2,7,,No,Yes,no
F1L24B10,Joinery A,Sawmill,6/1/24 0:00,42400,6/4/24 0:00,larch,Sawn Board,400,33,2,5,1,32,0,033,2,7,,No,Yes,no
F1L24B11,Joinery A,Sawmill,6/1/24 0:00,42400,6/4/24 0:00,larch,Sawn Board,400,33,2,5,1,32,0,033,2,8,,No,Yes,no
F1L24B12,Joinery A,Sawmill,6/1/24 0:00,42400,6/4/24 0:00,larch,Sawn Board,400,33,2,5,1,32,0,033,2,9,,No,Yes,no
F1L24B13,Joinery A,Sawmill,6/1/24 0:00,42400,6/4/24 0:00,larch,Sawn Board,400,33,2,5,1,32,0,033,2,7,,No,Yes,no
F1L1454B1,Joinery A,Sawmill,6/1/24 0:00,42400,6/4/24 0:00,larch,Sawn Board,400,39,2,5,1,56,0,039,2,9,,No,Yes,no
F1L1454B2,Joinery A,Sawmill,6/1/24 0:00,42400,6/4/24 0:00,larch,Sawn Board,400,39,2,5,1,56,0,039,2,8,,No,Yes,no
F1L1454B3,Joinery A,Sawmill,6/1/24 0:00,42400,6/4/24 0:00,larch,Sawn Board,400,39,2,5,1,56,0,039,2,8,,No,Yes,no
F1L1454B4,Joinery A,Sawmill,6/1/24 0:00,42400,6/4/24 0:00,larch,Sawn Board,400,39,2,5,1,56,0,039,2,6,,No,Yes,no
F1L1454B5,Joinery A,Sawmill,6/1/24 0:00,42400,6/4/24 0:00,larch,Sawn Board,400,39,2,5,1,56,0,039,2,8,,No,Yes,no
F1L1454B6,Joinery A,Sawmill,6/1/24 0:00,42400,6/4/24 0:00,larch,Sawn Board,400,39,2,5,1,56,0,039,2,8,,No,Yes,no
F1L1454B7,Joinery A,Sawmill,6/1/24 0:00,42400,6/4/24 0:00,larch,Sawn Board,400,39,2,5,1,56,0,039,2,7,,No,Yes,no
F1L1454B8,Joinery A,Sawmill,6/1/24 0:00,42400,6/4/24 0:00,larch,Sawn Board,400,39,2,5,1,56,0,039,2,9,,No,Yes,no
F1L1454B9,Joinery A,Sawmill,6/1/24 0:00,42400,6/4/24 0:00,larch,Sawn Board,400,39,2,5,1,56,0,039,2,8,,No,Yes,no
F1L1454B10,Joinery A,Sawmill,6/1/24 0:00,42400,6/4/24 0:00,larch,Sawn Board,400,39,2,5,1,56,0,039,2,7,,No,Yes,no
F1L1454B11,Joinery A,Sawmill,6/1/24 0:00,42400,6/4/24 0:00,larch,Sawn Board,400,39,2,5,1,56,0,039,2,8,,No,Yes,no
F1L1454B12,Joinery A,Sawmill,6/1/24 0:00,42400,6/4/24 0:00,larch,Sawn Board,400,39,2,5,1,56,0,039,2,7,,No,Yes,no
F1L1454B13,Joinery A,Sawmill,6/1/24 0:00,42400,6/4/24 0:00,larch,Sawn Board,400,39,2,5,1,56,0,039,2,7,,No,Yes,no
F1L1454B14,Joinery A,Sawmill,7/1/24 0:00,5370,7/4/24 0:00,larch,Sawn Board,400,39,2,5,1,56,0,039,2,8,,No,Yes,no
F1L1454B15,Joinery A,Sawmill,7/1/24 0:00,5370,7/4/24 0:00,larch,Sawn Board,400,39,2,5,1,56,0,039,2,7,,No,Yes,no
F1L1454B16,Joinery A,Sawmill,7/1/24 0:00,5370,7/4/24 0:00,larch,Sawn Board,400,39,2,5,1,56,0,039,2,8,,No,Yes,no
F1L1033B1,Joinery A,Sawmill,7/1/24 0:00,5370,7/4/24 0:00,larch,Sawn Board,400,19,2,5,0,76,0,019,2,6,,No,Yes,no
F1L1033B2,Joinery A,Sawmill,7/1/24 0:00,5370,7/4/24 0:00,larch,Sawn Board,400,19,2,5,0,76,0,019,2,7,,No,Yes,no
F1L1033B3,Joinery A,Sawmill,7/1/24 0:00,5370,7/4/24 0:00,larch,Sawn Board,400,19,2,5,0,76,0,019,2,8,,No,Yes,no
F1L1033B4,Joinery A,Sawmill,7/1/24 0:00,5370,7/4/24 0:00,larch,Sawn Board,400,19,2,5,0,76,0,019,2,6,,No,Yes,no
F1L1033B5,Joinery A,Sawmill,7/1/24 0:00,5370,7/4/24 0:00,larch,Sawn Board,400,19,2,5,0,76,0,019,2,8,,No,Yes,no
F1L1033B6,Joinery A,Sawmill,7/1/24 0:00,5370,7/4/24 0:00,larch,Sawn Board,400,19,2,5,0,76,0,019,2,8,,No,Yes,no
F1L1033B7,Joinery A,Sawmill,7/1/24 0:00,5370,7/4/24 0:00,larch,Sawn Board,400,19,2,5,0,76,0,019,2,9,,No,Yes,no
F1L1033B8,Joinery A,Sawmill,7/1/24 0:00,5370,7/4/24 0:00,larch,Sawn Board,400,19,2,5,0,76,0,019,2,6,,No,Yes,no
F1L45B1,Joinery A,Sawmill,7/1/24 0:00,5370,7/4/24 0:00,larch,Sawn Board,400,34,2,5,1,36,0,034,2,9,,No,Yes,no
F1L45B2,Joinery A,Sawmill,7/1/24 0:00,5370,7/4/24 0:00,larch,Sawn Board,400,34,2,5,1,36,0,034,2,7,,No,Yes,no
F1L45B3,Joinery A,Sawmill,7/1/24 0:00,5370,7/4/24 0:00,larch,Sawn Board,400,34,2,5,1,36,0,034,2,8,,No,Yes,no
F1L45B4,Joinery A,Sawmill,7/1/24 0:00,5370,7/4/24 0:00,larch,Sawn Board,400,34,2,5,1,36,0,034,2,9,,No,Yes,no
F1L45B5,Joinery A,Sawmill,7/1/24 0:00,5370,7/4/24 0:00,larch,Sawn Board,400,34,2,5,1,36,0,034,2,7,,No,Yes,no
F1L45B6,Joinery A,Sawmill,7/1/24 0:00,5370,7/4/24 0:00,larch,Sawn Board,400,34,2,5,1,36,0,034,2,8,,No,Yes,no
F1L45B7,Joinery A,Sawmill,7/1/24 0:00,5370,7/4/24 0:00,larch,Sawn Board,400,34,2,5,1,36,0,034,2,8,,No,Yes,no
F1L45B8,Joinery A,Sawmill,7/1/24 0:00,5370,7/4/24 0:00,larch,Sawn Board,400,34,2,5,1,36,0,034,2,8,,No,Yes,no
F1L45B9,Joinery A,Sawmill,7/1/24 0:00,5370,7/4/24 0:00,larch,Sawn Board,400,34,2,5,1,36,0,034,2,8,,No,Yes,no
F1L45B10,Joinery A,Sawmill,7/1/24 0:00,5370,7/4/24 0:00,larch,Sawn Board,400,34,2,5,1,36,0,034,2,6,,No,Yes,no
F1L45B11,Joinery A,Sawmill,7/1/24 0:00,5370,7/4/24 0:00,larch,Sawn Board,400,34,2,5,1,36,0,034,2,8,,No,Yes,no
F1L45B12,Joinery A,Sawmill,7/1/24 0:00,5370,7/4/24 0:00,larch,Sawn Board,400,34,2,5,1,36,0,034,2,7,,No,Yes,no
F1L45B13,Joinery A,Sawmill,7/1/24 0:00,5370,7/4/24 0:00,larch,Sawn Board,400,34,2,5,1,36,0,034,2,8,,No,Yes,no
F1L45B14,Joinery A,Sawmill,7/1/24 0:00,5370,7/4/24 0:00,larch,Sawn Board,400,34,2,5,1,36,0,034,2,6,,No,Yes,no
F1L146B1,Joinery A,Sawmill,7/1/24 0:00,5370,7/4/24 0:00,larch,Sawn Board,400,21,2,5,0,84,0,021,1,7,,No,Yes,no
F1L146B2,Joinery A,Sawmill,7/1/24 0:00,5370,7/4/24 0:00,larch,Sawn Board,400,21,2,5,0,84,0,021,1,7,,No,Yes,no
F1L146B3,Joinery A,Sawmill,7/1/24 0:00,5370,7/4/24 0:00,larch,Sawn Board,400,21,2,5,0,84,0,021,1,7,,No,Yes,no
F1L146B4,Joinery A,Sawmill,7/1/24 0:00,5370,7/4/24 0:00,larch,Sawn Board,400,21,2,5,0,84,0,021,1,7,,No,Yes,no
F1L146B5,Joinery A,Sawmill,7/1/24 0:00,5370,7/4/24 0:00,larch,Sawn Board,400,21,2,5,0,84,0,021,1,7,,No,Yes,no
F1L146B6,Joinery A,Sawmill,7/1/24 0:00,5370,7/4/24 0:00,larch,Sawn Board,400,21,2,5,0,84,0,021,1,9,,No,Yes,no
F1L146B7,Joinery A,Sawmill,7/1/24 0:00,5370,7/4/24 0:00,larch,Sawn Board,400,21,2,5,0,84,0,021,1,7,,No,Yes,no
F1L146B8,Joinery A,Sawmill,7/1/24 0:00,5370,7/4/24 0:00,larch,Sawn Board,400,21,2,5,0,84,0,021,1,6,,No,Yes,no
F1L1651B1,Joinery A,Sawmill,7/1/24 0:00,5370,7/4/24 0:00,larch,Sawn Board,400,25,2,5,1,0,025,1,7,,No,Yes,no
F1L1651B2,Joinery A,Sawmill,7/1/24 0:00,5370,7/4/24 0:00,larch,Sawn Board,400,25,2,5,1,0,025,1,8,,No,Yes,no
F1L1651B3,Joinery A,Sawmill,7/1/24 0:00,5370,7/4/24 0:00,larch,Sawn Board,400,25,2,5,1,0,025,1,7,,No,Yes,no
F1L1651B4,Joinery A,Sawmill,7/1/24 0:00,5370,7/4/24 0:00,larch,Sawn Board,400,25,2,5,1,0,025,1,7,,No,Yes,no
F1L1651B5,Joinery A,Sawmill,7/1/24 0:00,5370,7/4/24 0:00,larch,Sawn Board,400,25,2,5,1,0,025,1,8,,No,Yes,no
F1L1651B6,Joinery A,Sawmill,7/1/24 0:00,5370,7/4/24 0:00,larch,Sawn Board,400,25,2,5,1,0,025,1,7,,No,Yes,no
F1L1651B7,Joinery A,Sawmill,7/1/24 0:00,5370,7/4/24 0:00,larch,Sawn Board,400,25,2,5,1,0,025,1,8,,No,Yes,no
F1L1651B8,Joinery A,Sawmill,7/1/24 0:00,5370,7/4/24 0:00,larch,Sawn Board,400,25,2,5,1,0,025,1,9,,No,Yes,no
F1L1651B9,Joinery A,Sawmill,7/1/24 0:00,5370,7/4/24 0:00,larch,Sawn Board,400,25,2,5,1,0,025,1,6,,No,Yes,no
F1L1651B10,Joinery A,Sawmill,7/1/24 0:00,5370,7/4/24 0:00,larch,Sawn Board,400,25,2,5,1,0,025,1,9,,No,Yes,no
F1L418B1,Joinery A,Sawmill,7/1/24 0:00,5370,7/4/24 0:00,larch,Sawn Board,400,18,2,5,0,72,0,018,2,7,,No,Yes,no
F1L418B2,Joinery A,Sawmill,7/1/24 0:00,5370,7/4/24 0:00,larch,Sawn Board,400,18,2,5,0,72,0,018,2,7,,No,Yes,no
F1L418B3,Joinery A,Sawmill,7/1/24 0:00,5370,7/4/24 0:00,larch,Sawn Board,400,18,2,5,0,72,0,018,2,7,,No,Yes,no
F1L418B4,Joinery A,Sawmill,7/1/24 0:00,5370,7/4/24 0:00,larch,Sawn Board,400,18,2,5,0,72,0,018,2,8,,No,Yes,no
F1L418B5,Joinery A,Sawmill,7/1/24 0:00,5370,7/4/24 0:00,larch,Sawn Board,400,18,2,5,0,72,0,018,2,6,,No,Yes,no
F1L418B6,Joinery A,Sawmill,7/1/24 0:00,5370,7/4/24 0:00,larch,Sawn Board,400,18,2,5,0,72,0,018,2,9,,No,Yes,no
F1L418B7,Joinery A,Sawmill,7/1/24 0:00,5370,7/4/24 0:00,larch,Sawn Board,400,18,2,5,0,72,0,018,2,7,,No,Yes,no
F1L229B1,Joinery A,Sawmill,7/1/24 0:00,5370,7/4/24 0:00,larch,Sawn Board,400,18,2,5,0,72,0,018,1,7,,No,Yes,no
F1L229B2,Joinery A,Sawmill,7/1/24 0:00,5370,7/4/24 0:00,larch,Sawn Board,400,18,2,5,0,72,0,018,1,7,,No,Yes,no
F1L229B3,Joinery A,Sawmill,7/1/24 0:00,5370,7/4/24 0:00,larch,Sawn Board,400,18,2,5,0,72,0,018,1,7,,No,Yes,no
F1L229B4,Joinery A,Sawmill,7/1/24 0:00,5370,7/4/24 0:00,larch,Sawn Board,400,18,2,5,0,72,0,018,1,6,,No,Yes,no
F1L229B5,Joinery A,Sawmill,8/1/24 0:00,61360,8/5/24 0:00,larch,Sawn Board,400,18,2,5,0,72,0,018,1,8,,No,Yes,no
F1L229B6,Joinery A,Sawmill,8/1/24 0:00,61360,8/5/24 0:00,larch,Sawn Board,400,18,2,5,0,72,0,018,1,8,,No,Yes,no
F1L229B7,Joinery A,Sawmill,8/1/24 0:00,61360,8/5/24 0:00,larch,Sawn Board,400,18,2,5,0,72,0,018,1,9,,No,Yes,no
F1L623B1,Joinery A,Sawmill,8/1/24 0:00,61360,8/5/24 0:00,larch,Sawn Board,400,18,2,5,0,72,0,018,2,7,,No,Yes,no
F1L623B2,Joinery A,Sawmill,8/1/24 0:00,61360,8/5/24 0:00,larch,Sawn Board,400,18,2,5,0,72,0,018,2,7,,No,Yes,no
F1L623B3,Joinery A,Sawmill,8/1/24 0:00,61360,8/5/24 0:00,larch,Sawn Board,400,18,2,5,0,72,0,018,2,7,,No,Yes,no
F1L623B4,Joinery A,Sawmill,8/1/24 0:00,61360,8/5/24 0:00,larch,Sawn Board,400,18,2,5,0,72,0,018,2,6,,No,Yes,no
F1L623B5,Joinery A,Sawmill,8/1/24 0:00,61360,8/5/24 0:00,larch,Sawn Board,400,18,2,5,0,72,0,018,2,7,,No,Yes,no
F1L623B6,Joinery A,Sawmill,8/1/24 0:00,61360,8/5/24 0:00,larch,Sawn Board,400,18,2,5,0,72,0,018,2,8,,No,Yes,no
F1L623B7,Joinery A,Sawmill,8/1/24 0:00,61360,8/5/24 0:00,larch,Sawn Board,400,18,2,5,0,72,0,018,2,7,,No,Yes,no
F1L1470B1,Joinery A,Sawmill,8/1/24 0:00,61360,8/5/24 0:00,larch,Sawn Board,400,17,2,5,0,68,0,017,2,7,,No,Yes,no
F1L1470B2,Joinery A,Sawmill,8/1/24 0:00,61360,8/5/24 0:00,larch,Sawn Board,400,17,2,5,0,68,0,017,2,9,,No,Yes,no
F1L1470B3,Joinery A,Sawmill,8/1/24 0:00,61360,8/5/24 0:00,larch,Sawn Board,400,17,2,5,0,68,0,017,2,7,,No,Yes,no
F1L1470B4,Joinery A,Sawmill,8/1/24 0:00,61360,8/5/24 0:00,larch,Sawn Board,400,17,2,5,0,68,0,017,2,8,,No,Yes,no
F1L1470B5,Joinery A,Sawmill,8/1/24 0:00,61360,8/5/24 0:00,larch,Sawn Board,400,17,2,5,0,68,0,017,2,8,,No,Yes,no
F1L1470B6,Joinery A,Sawmill,8/1/24 0:00,61360,8/5/24 0:00,larch,Sawn Board,400,17,2,5,0,68,0,017,2,6,,No,Yes,no
F1L1470B7,Joinery A,Sawmill,8/1/24 0:00,61360,8/5/24 0:00,larch,Sawn Board,400,17,2,5,0,68,0,017,2,8,,No,Yes,no
F1L1678B1,Joinery A,Sawmill,8/1/24 0:00,61360,8/5/24 0:00,larch,Sawn Board,400,32,2,5,1,28,0,032,1,9,,No,Yes,no
F1L1678B2,Joinery A,Sawmill,8/1/24 0:00,61360,8/5/24 0:00,larch,Sawn Board,400,32,2,5,1,28,0,032,1,9,,No,Yes,no
F1L1678B3,Joinery A,Sawmill,8/1/24 0:00,61360,8/5/24 0:00,larch,Sawn Board,400,32,2,5,1,28,0,032,1,8,,No,Yes,no
F1L1678B4,Joinery A,Sawmill,8/1/24 0:00,61360,8/5/24 0:00,larch,Sawn Board,400,32,2,5,1,28,0,032,1,7,,No,Yes,no
F1L1678B5,Joinery A,Sawmill,8/1/24 0:00,61360,8/5/24 0:00,larch,Sawn Board,400,32,2,5,1,28,0,032,1,7,,No,Yes,no
F1L1678B6,Joinery A,Sawmill,8/1/24 0:00,61360,8/5/24 0:00,larch,Sawn Board,400,32,2,5,1,28,0,032,1,8,,No,Yes,no
F1L1678B7,Joinery A,Sawmill,8/1/24 0:00,61360,8/5/24 0:00,larch,Sawn Board,400,32,2,5,1,28,0,032,1,8,,No,Yes,no
F1L1678B8,Joinery A,Sawmill,8/1/24 0:00,61360,8/5/24 0:00,larch,Sawn Board,400,32,2,5,1,28,0,032,1,7,,No,Yes,no
F1L1678B9,Joinery A,Sawmill,8/1/24 0:00,61360,8/5/24 0:00,larch,Sawn Board,400,32,2,5,1,28,0,032,1,6,,No,Yes,no
F1L1678B10,Joinery A,Sawmill,8/1/24 0:00,61360,8/5/24 0:00,larch,Sawn Board,400,32,2,5,1,28,0,032,1,8,,No,Yes,no
F1L1678B11,Joinery A,Sawmill,8/1/24 0:00,61360,8/5/24 0:00,larch,Sawn Board,400,32,2,5,1,28,0,032,1,7,,No,Yes,no
F1L1678B12,Joinery A,Sawmill,8/1/24 0:00,61360,8/5/24 0:00,larch,Sawn Board,400,32,2,5,1,28,0,032,1,7,,No,Yes,no
F1L1678B13,Joinery A,Sawmill,8/1/24 0:00,61360,8/5/24 0:00,larch,Sawn Board,400,32,2,5,1,28,0,032,1,7,,No,Yes,no
F1L1301B1,Joinery A,Sawmill,8/1/24 0:00,61360,8/5/24 0:00,larch,Sawn Board,400,16,2,5,0,64,0,016,2,7,,No,Yes,no
F1L1301B2,Joinery A,Sawmill,8/1/24 0:00,61360,8/5/24 0:00,larch,Sawn Board,400,16,2,5,0,64,0,016,2,8,,No,Yes,no
F1L1301B3,Joinery A,Sawmill,8/1/24 0:00,61360,8/5/24 0:00,larch,Sawn Board,400,16,2,5,0,64,0,016,2,8,,No,Yes,no
F1L1301B4,Joinery A,Sawmill,8/1/24 0:00,61360,8/5/24 0:00,larch,Sawn Board,400,16,2,5,0,64,0,016,2,8,,No,Yes,no
F1L1301B5,Joinery A,Sawmill,8/1/24 0:00,61360,8/5/24 0:00,larch,Sawn Board,400,16,2,5,0,64,0,016,2,8,,No,Yes,no
F1L1301B6,Joinery A,Sawmill,8/1/24 0:00,61360,8/5/24 0:00,larch,Sawn Board,400,16,2,5,0,64,0,016,2,7,,No,Yes,no
F1L1474B1,Joinery A,Sawmill,8/1/24 0:00,61360,8/5/24 0:00,larch,Sawn Board,400,28,2,5,1,12,0,028,2,7,,No,Yes,no
F1L1474B2,Joinery A,Sawmill,8/1/24 0:00,61360,8/5/24 0:00,larch,Sawn Board,400,28,2,5,1,12,0,028,2,8,,No,Yes,no
F1L1474B3,Joinery A,Sawmill,8/1/24 0:00,61360,8/5/24 0:00,larch,Sawn Board,400,28,2,5,1,12,0,028,2,9,,No,Yes,no
F1L1474B4,Joinery A,Sawmill,8/1/24 0:00,61360,8/5/24 0:00,larch,Sawn Board,400,28,2,5,1,12,0,028,2,7,,No,Yes,no
F1L1474B5,Joinery A,Sawmill,8/1/24 0:00,61360,8/5/24 0:00,larch,Sawn Board,400,28,2,5,1,12,0,028,2,7,,No,Yes,no
F1L1474B6,Joinery A,Sawmill,8/1/24 0:00,61360,8/5/24 0:00,larch,Sawn Board,400,28,2,5,1,12,0,028,2,7,,No,Yes,no
F1L1474B7,Joinery A,Sawmill,8/1/24 0:00,61360,8/5/24 0:00,larch,Sawn Board,400,28,2,5,1,12,0,028,2,8,,No,Yes,no
F1L1474B8,Joinery A,Sawmill,8/1/24 0:00,61360,8/5/24 0:00,larch,Sawn Board,400,28,2,5,1,12,0,028,2,7,,No,Yes,no
F1L1474B9,Joinery A,Sawmill,8/1/24 0:00,61360,8/5/24 0:00,larch,Sawn Board,400,28,2,5,1,12,0,028,2,6,,No,Yes,no
F1L1474B10,Joinery A,Sawmill,8/1/24 0:00,61360,8/5/24 0:00,larch,Sawn Board,400,28,2,5,1,12,0,028,2,7,,No,Yes,no
F1L1474B11,Joinery A,Sawmill,8/1/24 0:00,61360,8/5/24 0:00,larch,Sawn Board,400,28,2,5,1,12,0,028,2,9,,No,Yes,no
F1L831B1,Joinery A,Sawmill,8/1/24 0:00,61360,8/5/24 0:00,larch,Sawn Board,400,18,2,5,0,72,0,018,2,7,,No,Yes,no
F1L831B2,Joinery A,Sawmill,8/1/24 0:00,61360,8/5/24 0:00,larch,Sawn Board,400,18,2,5,0,72,0,018,2,9,,No,Yes,no
F1L831B3,Joinery A,Sawmill,8/1/24 0:00,61360,8/5/24 0:00,larch,Sawn Board,400,18,2,5,0,72,0,018,2,7,,No,Yes,no
F1L831B4,Joinery A,Sawmill,8/1/24 0:00,61360,8/5/24 0:00,larch,Sawn Board,400,18,2,5,0,72,0,018,2,7,,No,Yes,no
F1L831B5,Joinery A,Sawmill,8/1/24 0:00,61360,8/5/24 0:00,larch,Sawn Board,400,18,2,5,0,72,0,018,2,7,,No,Yes,no
F1L831B6,Joinery A,Sawmill,8/1/24 0:00,61360,8/5/24 0:00,larch,Sawn Board,400,18,2,5,0,72,0,018,2,7,,No,Yes,no
F1L831B7,Joinery A,Sawmill,8/1/24 0:00,61360,8/5/24 0:00,larch,Sawn Board,400,18,2,5,0,72,0,018,2,8,,No,Yes,no
F1L907B1,Joinery A,Sawmill,8/1/24 0:00,61360,8/5/24 0:00,larch,Sawn Board,400,25,2,5,1,0,025,1,7,,No,Yes,no
F1L907B2,Joinery A,Sawmill,8/1/24 0:00,61360,8/5/24 0:00,larch,Sawn Board,400,25,2,5,1,0,025,1,7,,No,Yes,no
F1L907B3,Joinery A,Sawmill,8/1/24 0:00,61360,8/5/24 0:00,larch,Sawn Board,400,25,2,5,1,0,025,1,7,,No,Yes,no
F1L907B4,Joinery A,Sawmill,8/1/24 0:00,61360,8/5/24 0:00,larch,Sawn Board,400,25,2,5,1,0,025,1,9,,No,Yes,no
F1L907B5,Joinery A,Sawmill,8/1/24 0:00,61360,8/5/24 0:00,larch,Sawn Board,400,25,2,5,1,0,025,1,8,,No,Yes,no
F1L907B6,Joinery A,Sawmill,8/1/24 0:00,61360,8/5/24 0:00,larch,Sawn Board,400,25,2,5,1,0,025,1,9,,No,Yes,no
F1L907B7,Joinery A,Sawmill,8/1/24 0:00,61360,8/5/24 0:00,larch,Sawn Board,400,25,2,5,1,0,025,1,7,,No,Yes,no
F1L907B8,Joinery A,Sawmill,8/1/24 0:00,61360,8/5/24 0:00,larch,Sawn Board,400,25,2,5,1,0,025,1,9,,No,Yes,no
F1L907B9,Joinery A,Sawmill,8/1/24 0:00,61360,8/5/24 0:00,larch,Sawn Board,400,25,2,5,1,0,025,1,7,,No,Yes,no
F1L907B10,Joinery A,Sawmill,8/1/24 0:00,61360,8/5/24 0:00,larch,Sawn Board,400,25,2,5,1,0,025,1,8,,No,Yes,no
F1L866B1,Joinery A,Sawmill,8/1/24 0:00,61360,8/5/24 0:00,larch,Sawn Board,400,21,2,5,0,84,0,021,2,9,,No,Yes,no
F1L866B2,Joinery A,Sawmill,8/1/24 0:00,61360,8/5/24 0:00,larch,Sawn Board,400,21,2,5,0,84,0,021,2,9,,No,Yes,no
F1L866B3,Joinery A,Sawmill,8/1/24 0:00,61360,8/5/24 0:00,larch,Sawn Board,400,21,2,5,0,84,0,021,2,8,,No,Yes,no
F1L866B4,Joinery A,Sawmill,8/1/24 0:00,61360,8/5/24 0:00,larch,Sawn Board,400,21,2,5,0,84,0,021,2,8,,No,Yes,no
F1L866B5,Joinery A,Sawmill,8/1/24 0:00,61360,8/5/24 0:00,larch,Sawn Board,400,21,2,5,0,84,0,021,2,8,,No,Yes,no
F1L866B6,Joinery A,Sawmill,8/1/24 0:00,61360,8/5/24 0:00,larch,Sawn Board,400,21,2,5,0,84,0,021,2,7,,No,Yes,no
F1L866B7,Joinery A,Sawmill,8/1/24 0:00,61360,8/5/24 0:00,larch,Sawn Board,400,21,2,5,0,84,0,021,2,9,,No,Yes,no
F1L866B8,Joinery A,Sawmill,8/1/24 0:00,61360,8/5/24 0:00,larch,Sawn Board,400,21,2,5,0,84,0,021,2,8,,No,Yes,no
F1L942B1,Joinery A,Sawmill,8/1/24 0:00,61360,8/5/24 0:00,larch,Sawn Board,400,20,2,5,0,8,0,02,2,8,,No,Yes,no
F1L942B2,Joinery A,Sawmill,8/1/24 0:00,61360,8/5/24 0:00,larch,Sawn Board,400,20,2,5,0,8,0,02,2,6,,No,Yes,no
F1L942B3,Joinery A,Sawmill,8/1/24 0:00,61360,8/5/24 0:00,larch,Sawn Board,400,20,2,5,0,8,0,02,2,8,,No,Yes,no
F1L942B4,Joinery A,Sawmill,8/1/24 0:00,61360,8/5/24 0:00,larch,Sawn Board,400,20,2,5,0,8,0,02,2,7,,No,Yes,no
F1L942B5,Joinery A,Sawmill,8/1/24 0:00,61360,8/5/24 0:00,larch,Sawn Board,400,20,2,5,0,8,0,02,2,6,,No,Yes,no
F1L942B6,Joinery A,Sawmill,8/1/24 0:00,61360,8/5/24 0:00,larch,Sawn Board,400,20,2,5,0,8,0,02,2,9,,No,Yes,no
F1L942B7,Joinery A,Sawmill,8/1/24 0:00,61360,8/5/24 0:00,larch,Sawn Board,400,20,2,5,0,8,0,02,2,8,,No,Yes,no
F1L942B8,Joinery A,Sawmill,8/1/24 0:00,61360,8/5/24 0:00,larch,Sawn Board,400,20,2,5,0,8,0,02,2,7,,No,Yes,no
F1L1078B1,Joinery A,Sawmill,8/1/24 0:00,61360,8/5/24 0:00,larch,Sawn Board,400,23,2,5,0,92,0,023,2,7,,No,Yes,no
F1L1078B2,Joinery A,Sawmill,8/1/24 0:00,61360,8/5/24 0:00,larch,Sawn Board,400,23,2,5,0,92,0,023,2,8,,No,Yes,no
F1L1078B3,Joinery A,Sawmill,8/1/24 0:00,61360,8/5/24 0:00,larch,Sawn Board,400,23,2,5,0,92,0,023,2,8,,No,Yes,no
F1L1078B4,Joinery A,Sawmill,8/1/24 0:00,61360,8/5/24 0:00,larch,Sawn Board,400,23,2,5,0,92,0,023,2,9,,No,Yes,no
F1L1078B5,Joinery A,Sawmill,8/1/24 0:00,61360,8/5/24 0:00,larch,Sawn Board,400,23,2,5,0,92,0,023,2,7,,No,Yes,no
F1L1078B6,Joinery A,Sawmill,8/1/24 0:00,61360,8/5/24 0:00,larch,Sawn Board,400,23,2,5,0,92,0,023,2,6,,No,Yes,no
F1L1078B7,Joinery A,Sawmill,8/1/24 0:00,61360,8/5/24 0:00,larch,Sawn Board,400,23,2,5,0,92,0,023,2,8,,No,Yes,no
F1L1078B8,Joinery A,Sawmill,8/1/24 0:00,61360,8/5/24 0:00,larch,Sawn Board,400,23,2,5,0,92,0,023,2,6,,No,Yes,no
F1L1078B9,Joinery A,Sawmill,8/1/24 0:00,61360,8/5/24 0:00,larch,Sawn Board,400,23,2,5,0,92,0,023,2,9,,No,Yes,no
F1L289B1,Joinery A,Sawmill,8/1/24 0:00,61360,8/5/24 0:00,larch,Sawn Board,400,21,2,5,0,84,0,021,2,8,,No,Yes,no
F1L289B2,Joinery A,Sawmill,8/1/24 0:00,61360,8/5/24 0:00,larch,Sawn Board,400,21,2,5,0,84,0,021,2,9,,No,Yes,no
F1L289B3,Joinery A,Sawmill,8/1/24 0:00,61360,8/5/24 0:00,larch,Sawn Board,400,21,2,5,0,84,0,021,2,8,,No,Yes,no
F1L289B4,Joinery A,Sawmill,8/1/24 0:00,61360,8/5/24 0:00,larch,Sawn Board,400,21,2,5,0,84,0,021,2,7,,No,Yes,no
F1L289B5,Joinery A,Sawmill,8/1/24 0:00,61360,8/5/24 0:00,larch,Sawn Board,400,21,2,5,0,84,0,021,2,9,,No,Yes,no
F1L289B6,Joinery A,Sawmill,8/1/24 0:00,61360,8/5/24 0:00,larch,Sawn Board,400,21,2,5,0,84,0,021,2,8,,No,Yes,no
F1L289B7,Joinery A,Sawmill,8/1/24 0:00,61360,8/5/24 0:00,larch,Sawn Board,400,21,2,5,0,84,0,021,2,7,,No,Yes,no
F1L289B8,Joinery A,Sawmill,8/1/24 0:00,61360,8/5/24 0:00,larch,Sawn Board,400,21,2,5,0,84,0,021,2,7,,No,Yes,no
F1L855B1,Joinery A,Sawmill,8/1/24 0:00,61360,8/5/24 0:00,larch,Sawn Board,400,16,2,5,0,64,0,016,2,6,,No,Yes,no
F1L855B2,Joinery A,Sawmill,8/1/24 0:00,61360,8/5/24 0:00,larch,Sawn Board,400,16,2,5,0,64,0,016,2,7,,No,Yes,no
F1L855B3,Joinery A,Sawmill,8/1/24 0:00,61360,8/5/24 0:00,larch,Sawn Board,400,16,2,5,0,64,0,016,2,8,,No,Yes,no
F1L855B4,Joinery A,Sawmill,8/1/24 0:00,61360,8/5/24 0:00,larch,Sawn Board,400,16,2,5,0,64,0,016,2,6,,No,Yes,no
F1L855B5,Joinery A,Sawmill,8/1/24 0:00,61360,8/5/24 0:00,larch,Sawn Board,400,16,2,5,0,64,0,016,2,8,,No,Yes,no
F1L855B6,Joinery A,Sawmill,8/1/24 0:00,61360,8/5/24 0:00,larch,Sawn Board,400,16,2,5,0,64,0,016,2,7,,No,Yes,no
F1L14B1,Joinery A,Sawmill,8/1/24 0:00,61360,8/5/24 0:00,larch,Sawn Board,400,21,2,5,0,84,0,021,1,8,,No,Yes,no
F1L14B2,Joinery A,Sawmill,8/1/24 0:00,61360,8/5/24 0:00,larch,Sawn Board,400,21,2,5,0,84,0,021,1,7,,No,Yes,no
F1L14B3,Joinery A,Sawmill,8/1/24 0:00,61360,8/5/24 0:00,larch,Sawn Board,400,21,2,5,0,84,0,021,1,8,,No,Yes,no
F1L14B4,Joinery A,Sawmill,8/1/24 0:00,61360,8/5/24 0:00,larch,Sawn Board,400,21,2,5,0,84,0,021,1,8,,No,Yes,no
F1L14B5,Joinery A,Sawmill,8/1/24 0:00,61360,8/5/24 0:00,larch,Sawn Board,400,21,2,5,0,84,0,021,1,8,,No,Yes,no
F1L14B6,Joinery A,Sawmill,8/1/24 0:00,61360,8/5/24 0:00,larch,Sawn Board,400,21,2,5,0,84,0,021,1,7,,No,Yes,no
F1L14B7,Joinery A,Sawmill,8/1/24 0:00,61360,8/5/24 0:00,larch,Sawn Board,400,21,2,5,0,84,0,021,1,7,,No,Yes,no
F1L14B8,Joinery A,Sawmill,8/1/24 0:00,61360,8/5/24 0:00,larch,Sawn Board,400,21,2,5,0,84,0,021,1,9,,No,Yes,no
F1L394B1,Joinery A,Sawmill,8/1/24 0:00,61360,8/5/24 0:00,larch,Sawn Board,400,37,2,5,1,48,0,037,1,7,,No,Yes,no
F1L394B2,Joinery A,Sawmill,8/1/24 0:00,61360,8/5/24 0:00,larch,Sawn Board,400,37,2,5,1,48,0,037,1,7,,No,Yes,no
F1L394B3,Joinery A,Sawmill,8/1/24 0:00,61360,8/5/24 0:00,larch,Sawn Board,400,37,2,5,1,48,0,037,1,7,,No,Yes,no
F1L394B4,Joinery A,Sawmill,8/1/24 0:00,61360,8/5/24 0:00,larch,Sawn Board,400,37,2,5,1,48,0,037,1,7,,No,Yes,no
F1L394B5,Joinery A,Sawmill,8/1/24 0:00,61360,8/5/24 0:00,larch,Sawn Board,400,37,2,5,1,48,0,037,1,7,,No,Yes,no
F1L394B6,Joinery A,Sawmill,8/1/24 0:00,61360,8/5/24 0:00,larch,Sawn Board,400,37,2,5,1,48,0,037,1,6,,No,Yes,no
F1L394B7,Joinery A,Sawmill,8/1/24 0:00,61360,8/5/24 0:00,larch,Sawn Board,400,37,2,5,1,48,0,037,1,7,,No,Yes,no
F1L394B8,Joinery A,Sawmill,8/1/24 0:00,61360,8/5/24 0:00,larch,Sawn Board,400,37,2,5,1,48,0,037,1,8,,No,Yes,no
F1L394B9,Joinery A,Sawmill,8/1/24 0:00,61360,8/5/24 0:00,larch,Sawn Board,400,37,2,5,1,48,0,037,1,8,,No,Yes,no
F1L394B10,Joinery A,Sawmill,8/1/24 0:00,61360,8/5/24 0:00,larch,Sawn Board,400,37,2,5,1,48,0,037,1,7,,No,Yes,no
F1L394B11,Joinery A,Sawmill,8/1/24 0:00,61360,8/5/24 0:00,larch,Sawn Board,400,37,2,5,1,48,0,037,1,9,,No,Yes,no
F1L394B12,Joinery A,Sawmill,8/1/24 0:00,61360,8/5/24 0:00,larch,Sawn Board,400,37,2,5,1,48,0,037,1,8,,No,Yes,no
F1L394B13,Joinery A,Sawmill,8/1/24 0:00,61360,8/5/24 0:00,larch,Sawn Board,400,37,2,5,1,48,0,037,1,7,,No,Yes,no
F1L394B14,Joinery A,Sawmill,8/1/24 0:00,61360,8/5/24 0:00,larch,Sawn Board,400,37,2,5,1,48,0,037,1,7,,No,Yes,no
F1L394B15,Joinery A,Sawmill,8/1/24 0:00,61360,8/5/24 0:00,larch,Sawn Board,400,37,2,5,1,48,0,037,1,6,,No,Yes,no
F1L875B1,Joinery A,Sawmill,8/1/24 0:00,61360,8/5/24 0:00,larch,Sawn Board,400,14,2,5,0,56,0,014,2,8,,No,Yes,no
F1L875B2,Joinery A,Sawmill,8/1/24 0:00,61360,8/5/24 0:00,larch,Sawn Board,400,14,2,5,0,56,0,014,2,7,,No,Yes,no
F1L875B3,Joinery A,Sawmill,8/1/24 0:00,61360,8/5/24 0:00,larch,Sawn Board,400,14,2,5,0,56,0,014,2,7,,No,Yes,no
F1L875B4,Joinery A,Sawmill,8/1/24 0:00,61360,8/5/24 0:00,larch,Sawn Board,400,14,2,5,0,56,0,014,2,8,,No,Yes,no
F1L875B5,Joinery A,Sawmill,8/1/24 0:00,61360,8/5/24 0:00,larch,Sawn Board,400,14,2,5,0,56,0,014,2,7,,No,Yes,no
F1L875B6,Joinery A,Sawmill,8/1/24 0:00,61360,8/5/24 0:00,larch,Sawn Board,400,14,2,5,0,56,0,014,2,8,,No,Yes,no
F1L1195B1,Joinery A,Sawmill,8/1/24 0:00,61360,8/5/24 0:00,larch,Sawn Board,400,21,2,5,0,84,0,021,2,6,,No,Yes,no
F1L1195B2,Joinery A,Sawmill,8/1/24 0:00,61360,8/5/24 0:00,larch,Sawn Board,400,21,2,5,0,84,0,021,2,6,,No,Yes,no
F1L1195B3,Joinery A,Sawmill,8/1/24 0:00,61360,8/5/24 0:00,larch,Sawn Board,400,21,2,5,0,84,0,021,2,9,,No,Yes,no
F1L1195B4,Joinery A,Sawmill,8/1/24 0:00,61360,8/5/24 0:00,larch,Sawn Board,400,21,2,5,0,84,0,021,2,7,,No,Yes,no
F1L1195B5,Joinery A,Sawmill,8/1/24 0:00,61360,8/5/24 0:00,larch,Sawn Board,400,21,2,5,0,84,0,021,2,9,,No,Yes,no
F1L1195B6,Joinery A,Sawmill,8/1/24 0:00,61360,8/5/24 0:00,larch,Sawn Board,400,21,2,5,0,84,0,021,2,7,,No,Yes,no
F1L1195B7,Joinery A,Sawmill,8/1/24 0:00,61360,8/5/24 0:00,larch,Sawn Board,400,21,2,5,0,84,0,021,2,7,,No,Yes,no
F1L1195B8,Joinery A,Sawmill,8/1/24 0:00,61360,8/5/24 0:00,larch,Sawn Board,400,21,2,5,0,84,0,021,2,8,,No,Yes,no
F1L1519B1,Joinery A,Sawmill,8/1/24 0:00,61360,8/5/24 0:00,larch,Sawn Board,400,19,2,5,0,76,0,019,2,6,,No,Yes,no
F1L1519B2,Joinery A,Sawmill,8/1/24 0:00,61360,8/5/24 0:00,larch,Sawn Board,400,19,2,5,0,76,0,019,2,6,,No,Yes,no
F1L1519B3,Joinery A,Sawmill,8/1/24 0:00,61360,8/5/24 0:00,larch,Sawn Board,400,19,2,5,0,76,0,019,2,8,,No,Yes,no
F1L1519B4,Joinery A,Sawmill,8/1/24 0:00,61360,8/5/24 0:00,larch,Sawn Board,400,19,2,5,0,76,0,019,2,8,,No,Yes,no
F1L1519B5,Joinery A,Sawmill,8/1/24 0:00,61360,8/5/24 0:00,larch,Sawn Board,400,19,2,5,0,76,0,019,2,8,,No,Yes,no
F1L1519B6,Joinery A,Sawmill,8/1/24 0:00,61360,8/5/24 0:00,larch,Sawn Board,400,19,2,5,0,76,0,019,2,7,,No,Yes,no
F1L1519B7,Joinery A,Sawmill,8/1/24 0:00,61360,8/5/24 0:00,larch,Sawn Board,400,19,2,5,0,76,0,019,2,8,,No,Yes,no
F1L1519B8,Joinery A,Sawmill,8/1/24 0:00,61360,8/5/24 0:00,larch,Sawn Board,400,19,2,5,0,76,0,019,2,8,,No,Yes,no
F1L365B1,Joinery A,Sawmill,8/1/24 0:00,61360,8/5/24 0:00,larch,Sawn Board,400,16,2,5,0,64,0,016,2,8,,No,Yes,no
F1L365B2,Joinery A,Sawmill,8/1/24 0:00,61360,8/5/24 0:00,larch,Sawn Board,400,16,2,5,0,64,0,016,2,7,,No,Yes,no
F1L365B3,Joinery A,Sawmill,8/1/24 0:00,61360,8/5/24 0:00,larch,Sawn Board,400,16,2,5,0,64,0,016,2,9,,No,Yes,no
F1L365B4,Joinery A,Sawmill,8/1/24 0:00,61360,8/5/24 0:00,larch,Sawn Board,400,16,2,5,0,64,0,016,2,8,,No,Yes,no
F1L365B5,Joinery A,Sawmill,8/1/24 0:00,61360,8/5/24 0:00,larch,Sawn Board,400,16,2,5,0,64,0,016,2,7,,No,Yes,no
F1L365B6,Joinery A,Sawmill,8/1/24 0:00,61360,8/5/24 0:00,larch,Sawn Board,400,16,2,5,0,64,0,016,2,8,,No,Yes,no
F1L637B1,Joinery A,Sawmill,8/1/24 0:00,61360,8/5/24 0:00,larch,Sawn Board,400,31,2,5,1,24,0,031,1,7,,No,Yes,no
F1L637B2,Joinery A,Sawmill,8/1/24 0:00,61360,8/5/24 0:00,larch,Sawn Board,400,31,2,5,1,24,0,031,1,6,,No,Yes,no
F1L637B3,Joinery A,Sawmill,8/1/24 0:00,61360,8/5/24 0:00,larch,Sawn Board,400,31,2,5,1,24,0,031,1,8,,No,Yes,no
F1L637B4,Joinery A,Sawmill,8/1/24 0:00,61360,8/5/24 0:00,larch,Sawn Board,400,31,2,5,1,24,0,031,1,8,,No,Yes,no
F1L637B5,Joinery A,Sawmill,8/1/24 0:00,61360,8/5/24 0:00,larch,Sawn Board,400,31,2,5,1,24,0,031,1,7,,No,Yes,no
F1L637B6,Joinery A,Sawmill,8/1/24 0:00,61360,8/5/24 0:00,larch,Sawn Board,400,31,2,5,1,24,0,031,1,7,,No,Yes,no
F1L637B7,Joinery A,Sawmill,8/1/24 0:00,61360,8/5/24 0:00,larch,Sawn Board,400,31,2,5,1,24,0,031,1,6,,No,Yes,no
F1L637B8,Joinery A,Sawmill,8/1/24 0:00,61360,8/5/24 0:00,larch,Sawn Board,400,31,2,5,1,24,0,031,1,7,,No,Yes,no
F1L637B9,Joinery A,Sawmill,8/1/24 0:00,61360,8/5/24 0:00,larch,Sawn Board,400,31,2,5,1,24,0,031,1,7,,No,Yes,no
F1L637B10,Joinery A,Sawmill,8/1/24 0:00,61360,8/5/24 0:00,larch,Sawn Board,400,31,2,5,1,24,0,031,1,8,,No,Yes,no
F1L637B11,Joinery A,Sawmill,8/1/24 0:00,61360,8/5/24 0:00,larch,Sawn Board,400,31,2,5,1,24,0,031,1,6,,No,Yes,no
F1L637B12,Joinery A,Sawmill,8/1/24 0:00,61360,8/5/24 0:00,larch,Sawn Board,400,31,2,5,1,24,0,031,1,7,,No,Yes,no
F1L1562B1,Joinery A,Sawmill,8/1/24 0:00,61360,8/5/24 0:00,larch,Sawn Board,400,42,2,5,1,68,0,042,2,8,,No,Yes,no
F1L1562B2,Joinery A,Sawmill,8/1/24 0:00,61360,8/5/24 0:00,larch,Sawn Board,400,42,2,5,1,68,0,042,2,8,,No,Yes,no
F1L1562B3,Joinery A,Sawmill,8/1/24 0:00,61360,8/5/24 0:00,larch,Sawn Board,400,42,2,5,1,68,0,042,2,8,,No,Yes,no
F1L1562B4,Joinery A,Sawmill,8/1/24 0:00,61360,8/5/24 0:00,larch,Sawn Board,400,42,2,5,1,68,0,042,2,8,,No,Yes,no
F1L1562B5,Joinery A,Sawmill,8/1/24 0:00,61360,8/5/24 0:00,larch,Sawn Board,400,42,2,5,1,68,0,042,2,9,,No,Yes,no
F1L1562B6,Joinery A,Sawmill,8/1/24 0:00,61360,8/5/24 0:00,larch,Sawn Board,400,42,2,5,1,68,0,042,2,9,,No,Yes,no
F1L1562B7,Joinery A,Sawmill,8/1/24 0:00,61360,8/5/24 0:00,larch,Sawn Board,400,42,2,5,1,68,0,042,2,8,,No,Yes,no
F1L1562B8,Joinery A,Sawmill,8/1/24 0:00,61360,8/5/24 0:00,larch,Sawn Board,400,42,2,5,1,68,0,042,2,8,,No,Yes,no
F1L1562B9,Joinery A,Sawmill,8/1/24 0:00,61360,8/5/24 0:00,larch,Sawn Board,400,42,2,5,1,68,0,042,2,8,,No,Yes,no
F1L1562B10,Joinery A,Sawmill,8/1/24 0:00,61360,8/5/24 0:00,larch,Sawn Board,400,42,2,5,1,68,0,042,2,8,,No,Yes,no
F1L1562B11,Joinery A,Sawmill,8/1/24 0:00,61360,8/5/24 0:00,larch,Sawn Board,400,42,2,5,1,68,0,042,2,8,,No,Yes,no
F1L1562B12,Joinery A,Sawmill,8/1/24 0:00,61360,8/5/24 0:00,larch,Sawn Board,400,42,2,5,1,68,0,042,2,6,,No,Yes,no
F1L1562B13,Joinery A,Sawmill,8/1/24 0:00,61360,8/5/24 0:00,larch,Sawn Board,400,42,2,5,1,68,0,042,2,7,,No,Yes,no
F1L1562B14,Joinery A,Sawmill,8/1/24 0:00,61360,8/5/24 0:00,larch,Sawn Board,400,42,2,5,1,68,0,042,2,7,,No,Yes,no
F1L1562B15,Joinery A,Sawmill,8/1/24 0:00,61360,8/5/24 0:00,larch,Sawn Board,400,42,2,5,1,68,0,042,2,6,,No,Yes,no
F1L1562B16,Joinery A,Sawmill,8/1/24 0:00,61360,8/5/24 0:00,larch,Sawn Board,400,42,2,5,1,68,0,042,2,7,,No,Yes,no
F1L1562B17,Joinery A,Sawmill,8/1/24 0:00,61360,8/5/24 0:00,larch,Sawn Board,400,42,2,5,1,68,0,042,2,8,,No,Yes,no
F1L4B1,Joinery A,Sawmill,8/1/24 0:00,61360,8/5/24 0:00,larch,Sawn Board,400,23,2,5,0,92,0,023,1,6,,No,Yes,no
F1L4B2,Joinery A,Sawmill,8/1/24 0:00,61360,8/5/24 0:00,larch,Sawn Board,400,23,2,5,0,92,0,023,1,8,,No,Yes,no
F1L4B3,Joinery A,Sawmill,8/1/24 0:00,61360,8/5/24 0:00,larch,Sawn Board,400,23,2,5,0,92,0,023,1,8,,No,Yes,no
F1L4B4,Joinery A,Sawmill,8/1/24 0:00,61360,8/5/24 0:00,larch,Sawn Board,400,23,2,5,0,92,0,023,1,7,,No,Yes,no
F1L4B5,Joinery A,Sawmill,8/1/24 0:00,61360,8/5/24 0:00,larch,Sawn Board,400,23,2,5,0,92,0,023,1,7,,No,Yes,no
F1L4B6,Joinery A,Sawmill,9/1/24 0:00,3820,9/4/24 0:00,larch,Sawn Board,400,23,2,5,0,92,0,023,1,9,,No,Yes,no
F1L4B7,Joinery A,Sawmill,9/1/24 0:00,3820,9/4/24 0:00,larch,Sawn Board,400,23,2,5,0,92,0,023,1,6,,No,Yes,no
F1L4B8,Joinery A,Sawmill,9/1/24 0:00,3820,9/4/24 0:00,larch,Sawn Board,400,23,2,5,0,92,0,023,1,6,,No,Yes,no
F1L4B9,Joinery A,Sawmill,9/1/24 0:00,3820,9/4/24 0:00,larch,Sawn Board,400,23,2,5,0,92,0,023,1,6,,No,Yes,no
F1L465B1,Joinery A,Sawmill,9/1/24 0:00,3820,9/4/24 0:00,larch,Sawn Board,400,21,2,5,0,84,0,021,1,8,,No,Yes,no
F1L465B2,Joinery A,Sawmill,9/1/24 0:00,3820,9/4/24 0:00,larch,Sawn Board,400,21,2,5,0,84,0,021,1,9,,No,Yes,no
F1L465B3,Joinery A,Sawmill,9/1/24 0:00,3820,9/4/24 0:00,larch,Sawn Board,400,21,2,5,0,84,0,021,1,7,,No,Yes,no
F1L465B4,Joinery A,Sawmill,9/1/24 0:00,3820,9/4/24 0:00,larch,Sawn Board,400,21,2,5,0,84,0,021,1,6,,No,Yes,no
F1L465B5,Joinery A,Sawmill,9/1/24 0:00,3820,9/4/24 0:00,larch,Sawn Board,400,21,2,5,0,84,0,021,1,8,,No,Yes,no
F1L465B6,Joinery A,Sawmill,9/1/24 0:00,3820,9/4/24 0:00,larch,Sawn Board,400,21,2,5,0,84,0,021,1,7,,No,Yes,no
F1L465B7,Joinery A,Sawmill,9/1/24 0:00,3820,9/4/24 0:00,larch,Sawn Board,400,21,2,5,0,84,0,021,1,8,,No,Yes,no
F1L465B8,Joinery A,Sawmill,9/1/24 0:00,3820,9/4/24 0:00,larch,Sawn Board,400,21,2,5,0,84,0,021,1,8,,No,Yes,no
F1L677B1,Joinery A,Sawmill,9/1/24 0:00,3820,9/4/24 0:00,larch,Sawn Board,400,21,2,5,0,84,0,021,2,8,,No,Yes,no
F1L677B2,Joinery A,Sawmill,9/1/24 0:00,3820,9/4/24 0:00,larch,Sawn Board,400,21,2,5,0,84,0,021,2,7,,No,Yes,no
F1L677B3,Joinery A,Sawmill,9/1/24 0:00,3820,9/4/24 0:00,larch,Sawn Board,400,21,2,5,0,84,0,021,2,7,,No,Yes,no
F1L677B4,Joinery A,Sawmill,9/1/24 0:00,3820,9/4/24 0:00,larch,Sawn Board,400,21,2,5,0,84,0,021,2,7,,No,Yes,no
F1L677B5,Joinery A,Sawmill,9/1/24 0:00,3820,9/4/24 0:00,larch,Sawn Board,400,21,2,5,0,84,0,021,2,8,,No,Yes,no
F1L677B6,Joinery A,Sawmill,9/1/24 0:00,3820,9/4/24 0:00,larch,Sawn Board,400,21,2,5,0,84,0,021,2,7,,No,Yes,no
F1L677B7,Joinery A,Sawmill,9/1/24 0:00,3820,9/4/24 0:00,larch,Sawn Board,400,21,2,5,0,84,0,021,2,8,,No,Yes,no
F1L677B8,Joinery A,Sawmill,9/1/24 0:00,3820,9/4/24 0:00,larch,Sawn Board,400,21,2,5,0,84,0,021,2,8,,No,Yes,no
F1L120B1,Joinery A,Sawmill,9/1/24 0:00,3820,9/4/24 0:00,larch,Sawn Board,400,19,2,5,0,76,0,019,1,7,,No,Yes,no
F1L120B2,Joinery A,Sawmill,9/1/24 0:00,3820,9/4/24 0:00,larch,Sawn Board,400,19,2,5,0,76,0,019,1,8,,No,Yes,no
F1L120B3,Joinery A,Sawmill,9/1/24 0:00,3820,9/4/24 0:00,larch,Sawn Board,400,19,2,5,0,76,0,019,1,7,,No,Yes,no
F1L120B4,Joinery A,Sawmill,9/1/24 0:00,3820,9/4/24 0:00,larch,Sawn Board,400,19,2,5,0,76,0,019,1,9,,No,Yes,no
F1L120B5,Joinery A,Sawmill,9/1/24 0:00,3820,9/4/24 0:00,larch,Sawn Board,400,19,2,5,0,76,0,019,1,9,,No,Yes,no
F1L120B6,Joinery A,Sawmill,9/1/24 0:00,3820,9/4/24 0:00,larch,Sawn Board,400,19,2,5,0,76,0,019,1,7,,No,Yes,no
F1L120B7,Joinery A,Sawmill,9/1/24 0:00,3820,9/4/24 0:00,larch,Sawn Board,400,19,2,5,0,76,0,019,1,8,,No,Yes,no
F1L120B8,Joinery A,Sawmill,9/1/24 0:00,3820,9/4/24 0:00,larch,Sawn Board,400,19,2,5,0,76,0,019,1,8,,No,Yes,no
F1L1248B1,Joinery A,Sawmill,9/1/24 0:00,3820,9/4/24 0:00,larch,Sawn Board,400,16,2,5,0,64,0,016,1,8,,No,Yes,no
F1L1248B2,Joinery A,Sawmill,9/1/24 0:00,3820,9/4/24 0:00,larch,Sawn Board,400,16,2,5,0,64,0,016,1,9,,No,Yes,no
F1L1248B3,Joinery A,Sawmill,9/1/24 0:00,3820,9/4/24 0:00,larch,Sawn Board,400,16,2,5,0,64,0,016,1,8,,No,Yes,no
F1L1248B4,Joinery A,Sawmill,9/1/24 0:00,3820,9/4/24 0:00,larch,Sawn Board,400,16,2,5,0,64,0,016,1,8,,No,Yes,no
F1L1248B5,Joinery A,Sawmill,9/1/24 0:00,3820,9/4/24 0:00,larch,Sawn Board,400,16,2,5,0,64,0,016,1,8,,No,Yes,no
F1L1248B6,Joinery A,Sawmill,9/1/24 0:00,3820,9/4/24 0:00,larch,Sawn Board,400,16,2,5,0,64,0,016,1,7,,No,Yes,no
F1L540B1,Joinery A,Sawmill,9/1/24 0:00,3820,9/4/24 0:00,larch,Sawn Board,400,23,2,5,0,92,0,023,1,6,,No,Yes,no
F1L540B2,Joinery A,Sawmill,9/1/24 0:00,3820,9/4/24 0:00,larch,Sawn Board,400,23,2,5,0,92,0,023,1,7,,No,Yes,no
F1L540B3,Joinery A,Sawmill,9/1/24 0:00,3820,9/4/24 0:00,larch,Sawn Board,400,23,2,5,0,92,0,023,1,8,,No,Yes,no
F1L540B4,Joinery A,Sawmill,9/1/24 0:00,3820,9/4/24 0:00,larch,Sawn Board,400,23,2,5,0,92,0,023,1,7,,No,Yes,no
F1L540B5,Joinery A,Sawmill,9/1/24 0:00,3820,9/4/24 0:00,larch,Sawn Board,400,23,2,5,0,92,0,023,1,9,,No,Yes,no
F1L540B6,Joinery A,Sawmill,9/1/24 0:00,3820,9/4/24 0:00,larch,Sawn Board,400,23,2,5,0,92,0,023,1,7,,No,Yes,no
F1L540B7,Joinery A,Sawmill,9/1/24 0:00,3820,9/4/24 0:00,larch,Sawn Board,400,23,2,5,0,92,0,023,1,9,,No,Yes,no
F1L540B8,Joinery A,Sawmill,9/1/24 0:00,3820,9/4/24 0:00,larch,Sawn Board,400,23,2,5,0,92,0,023,1,7,,No,Yes,no
F1L540B9,Joinery A,Sawmill,9/1/24 0:00,3820,9/4/24 0:00,larch,Sawn Board,400,23,2,5,0,92,0,023,1,9,,No,Yes,no
F1L915B1,Joinery A,Sawmill,9/1/24 0:00,3820,9/4/24 0:00,larch,Sawn Board,400,21,2,5,0,84,0,021,1,8,,No,Yes,no
F1L915B2,Joinery A,Sawmill,9/1/24 0:00,3820,9/4/24 0:00,larch,Sawn Board,400,21,2,5,0,84,0,021,1,6,,No,Yes,no
F1L915B3,Joinery A,Sawmill,9/1/24 0:00,3820,9/4/24 0:00,larch,Sawn Board,400,21,2,5,0,84,0,021,1,7,,No,Yes,no
F1L915B4,Joinery A,Sawmill,9/1/24 0:00,3820,9/4/24 0:00,larch,Sawn Board,400,21,2,5,0,84,0,021,1,9,,No,Yes,no
F1L915B5,Joinery A,Sawmill,9/1/24 0:00,3820,9/4/24 0:00,larch,Sawn Board,400,21,2,5,0,84,0,021,1,7,,No,Yes,no
F1L915B6,Joinery A,Sawmill,9/1/24 0:00,3820,9/4/24 0:00,larch,Sawn Board,400,21,2,5,0,84,0,021,1,8,,No,Yes,no
F1L915B7,Joinery A,Sawmill,9/1/24 0:00,3820,9/4/24 0:00,larch,Sawn Board,400,21,2,5,0,84,0,021,1,9,,No,Yes,no
F1L915B8,Joinery A,Sawmill,9/1/24 0:00,3820,9/4/24 0:00,larch,Sawn Board,400,21,2,5,0,84,0,021,1,9,,No,Yes,no
F1L1186B1,Joinery A,Sawmill,9/1/24 0:00,3820,9/4/24 0:00,larch,Sawn Board,400,31,2,5,1,24,0,031,1,8,,No,Yes,no
F1L1186B2,Joinery A,Sawmill,9/1/24 0:00,3820,9/4/24 0:00,larch,Sawn Board,400,31,2,5,1,24,0,031,1,7,,No,Yes,no
F1L1186B3,Joinery A,Sawmill,9/1/24 0:00,3820,9/4/24 0:00,larch,Sawn Board,400,31,2,5,1,24,0,031,1,6,,No,Yes,no
F1L1186B4,Joinery A,Sawmill,9/1/24 0:00,3820,9/4/24 0:00,larch,Sawn Board,400,31,2,5,1,24,0,031,1,8,,No,Yes,no
F1L1186B5,Joinery A,Sawmill,9/1/24 0:00,3820,9/4/24 0:00,larch,Sawn Board,400,31,2,5,1,24,0,031,1,8,,No,Yes,no
F1L1186B6,Joinery A,Sawmill,9/1/24 0:00,3820,9/4/24 0:00,larch,Sawn Board,400,31,2,5,1,24,0,031,1,7,,No,Yes,no
F1L1186B7,Joinery A,Sawmill,9/1/24 0:00,3820,9/4/24 0:00,larch,Sawn Board,400,31,2,5,1,24,0,031,1,7,,No,Yes,no
F1L1186B8,Joinery A,Sawmill,9/1/24 0:00,3820,9/4/24 0:00,larch,Sawn Board,400,31,2,5,1,24,0,031,1,8,,No,Yes,no
F1L1186B9,Joinery A,Sawmill,9/1/24 0:00,3820,9/4/24 0:00,larch,Sawn Board,400,31,2,5,1,24,0,031,1,7,,No,Yes,no
F1L1186B10,Joinery A,Sawmill,9/1/24 0:00,3820,9/4/24 0:00,larch,Sawn Board,400,31,2,5,1,24,0,031,1,7,,No,Yes,no
F1L1186B11,Joinery A,Sawmill,10/1/24 0:00,6430,10/4/24 0:00,larch,Sawn Board,400,31,2,5,1,24,0,031,1,8,,No,Yes,no
F1L1186B12,Joinery A,Sawmill,10/1/24 0:00,6430,10/4/24 0:00,larch,Sawn Board,400,31,2,5,1,24,0,031,1,7,,No,Yes,no
F1L238B1,Joinery A,Sawmill,10/1/24 0:00,6430,10/4/24 0:00,larch,Sawn Board,400,26,2,5,1,04,0,026,1,8,,No,Yes,no
F1L238B2,Joinery A,Sawmill,10/1/24 0:00,6430,10/4/24 0:00,larch,Sawn Board,400,26,2,5,1,04,0,026,1,7,,No,Yes,no
F1L238B3,Joinery A,Sawmill,10/1/24 0:00,6430,10/4/24 0:00,larch,Sawn Board,400,26,2,5,1,04,0,026,1,8,,No,Yes,no
F1L238B4,Joinery A,Sawmill,10/1/24 0:00,6430,10/4/24 0:00,larch,Sawn Board,400,26,2,5,1,04,0,026,1,8,,No,Yes,no
F1L238B5,Joinery A,Sawmill,10/1/24 0:00,6430,10/4/24 0:00,larch,Sawn Board,400,26,2,5,1,04,0,026,1,8,,No,Yes,no
F1L238B6,Joinery A,Sawmill,10/1/24 0:00,6430,10/4/24 0:00,larch,Sawn Board,400,26,2,5,1,04,0,026,1,7,,No,Yes,no
F1L238B7,Joinery A,Sawmill,10/1/24 0:00,6430,10/4/24 0:00,larch,Sawn Board,400,26,2,5,1,04,0,026,1,6,,No,Yes,no
F1L238B8,Joinery A,Sawmill,10/1/24 0:00,6430,10/4/24 0:00,larch,Sawn Board,400,26,2,5,1,04,0,026,1,9,,No,Yes,no
F1L238B9,Joinery A,Sawmill,10/1/24 0:00,6430,10/4/24 0:00,larch,Sawn Board,400,26,2,5,1,04,0,026,1,8,,No,Yes,no
F1L238B10,Joinery A,Sawmill,10/1/24 0:00,6430,10/4/24 0:00,larch,Sawn Board,400,26,2,5,1,04,0,026,1,8,,No,Yes,no
F1L664B1,Joinery A,Sawmill,10/1/24 0:00,6430,10/4/24 0:00,larch,Sawn Board,400,33,2,5,1,32,0,033,1,7,,No,Yes,no
F1L664B2,Joinery A,Sawmill,10/1/24 0:00,6430,10/4/24 0:00,larch,Sawn Board,400,33,2,5,1,32,0,033,1,7,,No,Yes,no
F1L664B3,Joinery A,Sawmill,10/1/24 0:00,6430,10/4/24 0:00,larch,Sawn Board,400,33,2,5,1,32,0,033,1,7,,No,Yes,no
F1L664B4,Joinery A,Sawmill,10/1/24 0:00,6430,10/4/24 0:00,larch,Sawn Board,400,33,2,5,1,32,0,033,1,9,,No,Yes,no
F1L664B5,Joinery A,Sawmill,10/1/24 0:00,6430,10/4/24 0:00,larch,Sawn Board,400,33,2,5,1,32,0,033,1,6,,No,Yes,no
F1L664B6,Joinery A,Sawmill,10/1/24 0:00,6430,10/4/24 0:00,larch,Sawn Board,400,33,2,5,1,32,0,033,1,8,,No,Yes,no
F1L664B7,Joinery A,Sawmill,10/1/24 0:00,6430,10/4/24 0:00,larch,Sawn Board,400,33,2,5,1,32,0,033,1,7,,No,Yes,no
F1L664B8,Joinery A,Sawmill,10/1/24 0:00,6430,10/4/24 0:00,larch,Sawn Board,400,33,2,5,1,32,0,033,1,7,,No,Yes,no
F1L664B9,Joinery A,Sawmill,10/1/24 0:00,6430,10/4/24 0:00,larch,Sawn Board,400,33,2,5,1,32,0,033,1,7,,No,Yes,no
F1L664B10,Joinery A,Sawmill,10/1/24 0:00,6430,10/4/24 0:00,larch,Sawn Board,400,33,2,5,1,32,0,033,1,7,,No,Yes,no
F1L664B11,Joinery A,Sawmill,10/1/24 0:00,6430,10/4/24 0:00,larch,Sawn Board,400,33,2,5,1,32,0,033,1,8,,No,Yes,no
F1L664B12,Joinery A,Sawmill,10/1/24 0:00,6430,10/4/24 0:00,larch,Sawn Board,400,33,2,5,1,32,0,033,1,7,,No,Yes,no
F1L664B13,Joinery A,Sawmill,10/1/24 0:00,6430,10/4/24 0:00,larch,Sawn Board,400,33,2,5,1,32,0,033,1,7,,No,Yes,no
F1L112B1,Joinery A,Sawmill,10/1/24 0:00,6430,10/4/24 0:00,larch,Sawn Board,400,22,2,5,0,88,0,022,1,8,,No,Yes,no
F1L112B2,Joinery A,Sawmill,10/1/24 0:00,6430,10/4/24 0:00,larch,Sawn Board,400,22,2,5,0,88,0,022,1,7,,No,Yes,no
F1L112B3,Joinery A,Sawmill,10/1/24 0:00,6430,10/4/24 0:00,larch,Sawn Board,400,22,2,5,0,88,0,022,1,7,,No,Yes,no
F1L112B4,Joinery A,Sawmill,10/1/24 0:00,6430,10/4/24 0:00,larch,Sawn Board,400,22,2,5,0,88,0,022,1,6,,No,Yes,no
F1L112B5,Joinery A,Sawmill,10/1/24 0:00,6430,10/4/24 0:00,larch,Sawn Board,400,22,2,5,0,88,0,022,1,7,,No,Yes,no
F1L112B6,Joinery A,Sawmill,10/1/24 0:00,6430,10/4/24 0:00,larch,Sawn Board,400,22,2,5,0,88,0,022,1,8,,No,Yes,no
F1L112B7,Joinery A,Sawmill,10/1/24 0:00,6430,10/4/24 0:00,larch,Sawn Board,400,22,2,5,0,88,0,022,1,8,,No,Yes,no
F1L112B8,Joinery A,Sawmill,10/1/24 0:00,6430,10/4/24 0:00,larch,Sawn Board,400,22,2,5,0,88,0,022,1,7,,No,Yes,no
F1L112B9,Joinery A,Sawmill,10/1/24 0:00,6430,10/4/24 0:00,larch,Sawn Board,400,22,2,5,0,88,0,022,1,7,,No,Yes,no
F1L871B1,Joinery A,Sawmill,10/1/24 0:00,6430,10/4/24 0:00,larch,Sawn Board,400,18,2,5,0,72,0,018,1,8,,No,Yes,no
F1L871B2,Joinery A,Sawmill,10/1/24 0:00,6430,10/4/24 0:00,larch,Sawn Board,400,18,2,5,0,72,0,018,1,9,,No,Yes,no
F1L871B3,Joinery A,Sawmill,10/1/24 0:00,6430,10/4/24 0:00,larch,Sawn Board,400,18,2,5,0,72,0,018,1,7,,No,Yes,no
F1L871B4,Joinery A,Sawmill,10/1/24 0:00,6430,10/4/24 0:00,larch,Sawn Board,400,18,2,5,0,72,0,018,1,8,,No,Yes,no
F1L871B5,Joinery A,Sawmill,10/1/24 0:00,6430,10/4/24 0:00,larch,Sawn Board,400,18,2,5,0,72,0,018,1,9,,No,Yes,no
F1L871B6,Joinery A,Sawmill,10/1/24 0:00,6430,10/4/24 0:00,larch,Sawn Board,400,18,2,5,0,72,0,018,1,7,,No,Yes,no
F1L871B7,Joinery A,Sawmill,10/1/24 0:00,6430,10/4/24 0:00,larch,Sawn Board,400,18,2,5,0,72,0,018,1,7,,No,Yes,no
F1L1014B1,Joinery A,Sawmill,10/1/24 0:00,6430,10/4/24 0:00,larch,Sawn Board,400,25,2,5,1,0,025,2,8,,No,Yes,no
F1L1014B2,Joinery A,Sawmill,10/1/24 0:00,6430,10/4/24 0:00,larch,Sawn Board,400,25,2,5,1,0,025,2,7,,No,Yes,no
F1L1014B3,Joinery A,Sawmill,10/1/24 0:00,6430,10/4/24 0:00,larch,Sawn Board,400,25,2,5,1,0,025,2,6,,No,Yes,no
F1L1014B4,Joinery A,Sawmill,10/1/24 0:00,6430,10/4/24 0:00,larch,Sawn Board,400,25,2,5,1,0,025,2,9,,No,Yes,no
F1L1014B5,Joinery A,Sawmill,10/1/24 0:00,6430,10/4/24 0:00,larch,Sawn Board,400,25,2,5,1,0,025,2,7,,No,Yes,no
F1L1014B6,Joinery A,Sawmill,10/1/24 0:00,6430,10/4/24 0:00,larch,Sawn Board,400,25,2,5,1,0,025,2,7,,No,Yes,no
F1L1014B7,Joinery A,Sawmill,10/1/24 0:00,6430,10/4/24 0:00,larch,Sawn Board,400,25,2,5,1,0,025,2,8,,No,Yes,no
F1L1014B8,Joinery A,Sawmill,10/1/24 0:00,6430,10/4/24 0:00,larch,Sawn Board,400,25,2,5,1,0,025,2,7,,No,Yes,no
F1L1014B9,Joinery A,Sawmill,10/1/24 0:00,6430,10/4/24 0:00,larch,Sawn Board,400,25,2,5,1,0,025,2,7,,No,Yes,no
F1L1014B10,Joinery A,Sawmill,10/1/24 0:00,6430,10/4/24 0:00,larch,Sawn Board,400,25,2,5,1,0,025,2,6,,No,Yes,no
F1L490B1,Joinery A,Sawmill,10/1/24 0:00,6430,10/4/24 0:00,larch,Sawn Board,400,32,2,5,1,28,0,032,2,7,,No,Yes,no
F1L490B2,Joinery A,Sawmill,11/1/24 0:00,46920,11/4/24 0:00,larch,Sawn Board,400,32,2,5,1,28,0,032,2,7,,No,Yes,no
F1L490B3,Joinery A,Sawmill,11/1/24 0:00,46920,11/4/24 0:00,larch,Sawn Board,400,32,2,5,1,28,0,032,2,8,,No,Yes,no
F1L490B4,Joinery A,Sawmill,11/1/24 0:00,46920,11/4/24 0:00,larch,Sawn Board,400,32,2,5,1,28,0,032,2,8,,No,Yes,no
F1L490B5,Joinery A,Sawmill,11/1/24 0:00,46920,11/4/24 0:00,larch,Sawn Board,400,32,2,5,1,28,0,032,2,6,,No,Yes,no
F1L490B6,Joinery A,Sawmill,11/1/24 0:00,46920,11/4/24 0:00,larch,Sawn Board,400,32,2,5,1,28,0,032,2,8,,No,Yes,no
F1L490B7,Joinery A,Sawmill,11/1/24 0:00,46920,11/4/24 0:00,larch,Sawn Board,400,32,2,5,1,28,0,032,2,7,,No,Yes,no
F1L490B8,Joinery A,Sawmill,11/1/24 0:00,46920,11/4/24 0:00,larch,Sawn Board,400,32,2,5,1,28,0,032,2,7,,No,Yes,no
F1L490B9,Joinery A,Sawmill,11/1/24 0:00,46920,11/4/24 0:00,larch,Sawn Board,400,32,2,5,1,28,0,032,2,8,,No,Yes,no
F1L490B10,Joinery A,Sawmill,11/1/24 0:00,46920,11/4/24 0:00,larch,Sawn Board,400,32,2,5,1,28,0,032,2,8,,No,Yes,no
F1L490B11,Joinery A,Sawmill,11/1/24 0:00,46920,11/4/24 0:00,larch,Sawn Board,400,32,2,5,1,28,0,032,2,9,,No,Yes,no
F1L490B12,Joinery A,Sawmill,11/1/24 0:00,46920,11/4/24 0:00,larch,Sawn Board,400,32,2,5,1,28,0,032,2,8,,No,Yes,no
F1L490B13,Joinery A,Sawmill,11/1/24 0:00,46920,11/4/24 0:00,larch,Sawn Board,400,32,2,5,1,28,0,032,2,7,,No,Yes,no
F1L1373B1,Joinery A,Sawmill,11/1/24 0:00,46920,11/4/24 0:00,larch,Sawn Board,400,20,2,5,0,8,0,02,1,6,,No,Yes,no
F1L1373B2,Joinery A,Sawmill,11/1/24 0:00,46920,11/4/24 0:00,larch,Sawn Board,400,20,2,5,0,8,0,02,1,7,,No,Yes,no
F1L1373B3,Joinery A,Sawmill,11/1/24 0:00,46920,11/4/24 0:00,larch,Sawn Board,400,20,2,5,0,8,0,02,1,8,,No,Yes,no
F1L1373B4,Joinery A,Sawmill,11/1/24 0:00,46920,11/4/24 0:00,larch,Sawn Board,400,20,2,5,0,8,0,02,1,9,,No,Yes,no
F1L1373B5,Joinery A,Sawmill,11/1/24 0:00,46920,11/4/24 0:00,larch,Sawn Board,400,20,2,5,0,8,0,02,1,7,,No,Yes,no
F1L1373B6,Joinery A,Sawmill,11/1/24 0:00,46920,11/4/24 0:00,larch,Sawn Board,400,20,2,5,0,8,0,02,1,7,,No,Yes,no
F1L1373B7,Joinery A,Sawmill,11/1/24 0:00,46920,11/4/24 0:00,larch,Sawn Board,400,20,2,5,0,8,0,02,1,7,,No,Yes,no
F1L1373B8,Joinery A,Sawmill,11/1/24 0:00,46920,11/4/24 0:00,larch,Sawn Board,400,20,2,5,0,8,0,02,1,8,,No,Yes,no
F1L1720B1,Joinery A,Sawmill,11/1/24 0:00,46920,11/4/24 0:00,larch,Sawn Board,400,20,2,5,0,8,0,02,2,7,,No,Yes,no
F1L1720B2,Joinery A,Sawmill,11/1/24 0:00,46920,11/4/24 0:00,larch,Sawn Board,400,20,2,5,0,8,0,02,2,6,,No,Yes,no
F1L1720B3,Joinery A,Sawmill,11/1/24 0:00,46920,11/4/24 0:00,larch,Sawn Board,400,20,2,5,0,8,0,02,2,9,,No,Yes,no
F1L1720B4,Joinery A,Sawmill,11/1/24 0:00,46920,11/4/24 0:00,larch,Sawn Board,400,20,2,5,0,8,0,02,2,6,,No,Yes,no
F1L1720B5,Joinery A,Sawmill,11/1/24 0:00,46920,11/4/24 0:00,larch,Sawn Board,400,20,2,5,0,8,0,02,2,9,,No,Yes,no
F1L1720B6,Joinery A,Sawmill,11/1/24 0:00,46920,11/4/24 0:00,larch,Sawn Board,400,20,2,5,0,8,0,02,2,9,,No,Yes,no
F1L1720B7,Joinery A,Sawmill,11/1/24 0:00,46920,11/4/24 0:00,larch,Sawn Board,400,20,2,5,0,8,0,02,2,7,,No,Yes,no
F1L1720B8,Joinery A,Sawmill,11/1/24 0:00,46920,11/4/24 0:00,larch,Sawn Board,400,20,2,5,0,8,0,02,2,7,,No,Yes,no
F1L586B1,Joinery A,Sawmill,11/1/24 0:00,46920,11/4/24 0:00,larch,Sawn Board,400,18,2,5,0,72,0,018,2,7,,No,Yes,no
F1L586B2,Joinery A,Sawmill,11/1/24 0:00,46920,11/4/24 0:00,larch,Sawn Board,400,18,2,5,0,72,0,018,2,7,,No,Yes,no
F1L586B3,Joinery A,Sawmill,11/1/24 0:00,46920,11/4/24 0:00,larch,Sawn Board,400,18,2,5,0,72,0,018,2,7,,No,Yes,no
F1L586B4,Joinery A,Sawmill,11/1/24 0:00,46920,11/4/24 0:00,larch,Sawn Board,400,18,2,5,0,72,0,018,2,8,,No,Yes,no
F1L586B5,Joinery A,Sawmill,11/1/24 0:00,46920,11/4/24 0:00,larch,Sawn Board,400,18,2,5,0,72,0,018,2,7,,No,Yes,no
F1L586B6,Joinery A,Sawmill,11/1/24 0:00,46920,11/4/24 0:00,larch,Sawn Board,400,18,2,5,0,72,0,018,2,7,,No,Yes,no
F1L586B7,Joinery A,Sawmill,11/1/24 0:00,46920,11/4/24 0:00,larch,Sawn Board,400,18,2,5,0,72,0,018,2,8,,No,Yes,no
F1L876B1,Joinery A,Sawmill,11/1/24 0:00,46920,11/4/24 0:00,larch,Sawn Board,400,25,2,5,1,0,025,2,8,,No,Yes,no
F1L876B2,Joinery A,Sawmill,11/1/24 0:00,46920,11/4/24 0:00,larch,Sawn Board,400,25,2,5,1,0,025,2,8,,No,Yes,no
F1L876B3,Joinery A,Sawmill,11/1/24 0:00,46920,11/4/24 0:00,larch,Sawn Board,400,25,2,5,1,0,025,2,8,,No,Yes,no
F1L876B4,Joinery A,Sawmill,11/1/24 0:00,46920,11/4/24 0:00,larch,Sawn Board,400,25,2,5,1,0,025,2,6,,No,Yes,no
F1L876B5,Joinery A,Sawmill,11/1/24 0:00,46920,11/4/24 0:00,larch,Sawn Board,400,25,2,5,1,0,025,2,9,,No,Yes,no
F1L876B6,Joinery A,Sawmill,11/1/24 0:00,46920,11/4/24 0:00,larch,Sawn Board,400,25,2,5,1,0,025,2,7,,No,Yes,no
F1L876B7,Joinery A,Sawmill,11/1/24 0:00,46920,11/4/24 0:00,larch,Sawn Board,400,25,2,5,1,0,025,2,7,,No,Yes,no
F1L876B8,Joinery A,Sawmill,11/1/24 0:00,46920,11/4/24 0:00,larch,Sawn Board,400,25,2,5,1,0,025,2,8,,No,Yes,no
F1L876B9,Joinery A,Sawmill,11/1/24 0:00,46920,11/4/24 0:00,larch,Sawn Board,400,25,2,5,1,0,025,2,7,,No,Yes,no
F1L876B10,Joinery A,Sawmill,11/1/24 0:00,46920,11/4/24 0:00,larch,Sawn Board,400,25,2,5,1,0,025,2,8,,No,Yes,no
F1L1295B1,Joinery A,Sawmill,11/1/24 0:00,46920,11/4/24 0:00,larch,Sawn Board,400,30,2,5,1,2,0,03,2,8,,No,Yes,no
F1L1295B2,Joinery A,Sawmill,11/1/24 0:00,46920,11/4/24 0:00,larch,Sawn Board,400,30,2,5,1,2,0,03,2,8,,No,Yes,no
F1L1295B3,Joinery A,Sawmill,11/1/24 0:00,46920,11/4/24 0:00,larch,Sawn Board,400,30,2,5,1,2,0,03,2,9,,No,Yes,no
F1L1295B4,Joinery A,Sawmill,11/1/24 0:00,46920,11/4/24 0:00,larch,Sawn Board,400,30,2,5,1,2,0,03,2,7,,No,Yes,no
F1L1295B5,Joinery A,Sawmill,11/1/24 0:00,46920,11/4/24 0:00,larch,Sawn Board,400,30,2,5,1,2,0,03,2,7,,No,Yes,no
F1L1295B6,Joinery A,Sawmill,11/1/24 0:00,46920,11/4/24 0:00,larch,Sawn Board,400,30,2,5,1,2,0,03,2,7,,No,Yes,no
F1L1295B7,Joinery A,Sawmill,11/1/24 0:00,46920,11/4/24 0:00,larch,Sawn Board,400,30,2,5,1,2,0,03,2,8,,No,Yes,no
F1L1295B8,Joinery A,Sawmill,11/1/24 0:00,46920,11/4/24 0:00,larch,Sawn Board,400,30,2,5,1,2,0,03,2,9,,No,Yes,no
F1L1295B9,Joinery A,Sawmill,11/1/24 0:00,46920,11/4/24 0:00,larch,Sawn Board,400,30,2,5,1,2,0,03,2,8,,No,Yes,no